CREATE DATABASE  IF NOT EXISTS `fishingdb` /*!40100 DEFAULT CHARACTER SET utf8mb4 COLLATE utf8mb4_0900_ai_ci */ /*!80016 DEFAULT ENCRYPTION='N' */;
USE `fishingdb`;
-- MySQL dump 10.13  Distrib 8.0.19, for Win64 (x86_64)
--
-- Host: localhost    Database: fishingdb
-- ------------------------------------------------------
-- Server version	8.0.19

/*!40101 SET @OLD_CHARACTER_SET_CLIENT=@@CHARACTER_SET_CLIENT */;
/*!40101 SET @OLD_CHARACTER_SET_RESULTS=@@CHARACTER_SET_RESULTS */;
/*!40101 SET @OLD_COLLATION_CONNECTION=@@COLLATION_CONNECTION */;
/*!50503 SET NAMES utf8 */;
/*!40103 SET @OLD_TIME_ZONE=@@TIME_ZONE */;
/*!40103 SET TIME_ZONE='+00:00' */;
/*!40014 SET @OLD_UNIQUE_CHECKS=@@UNIQUE_CHECKS, UNIQUE_CHECKS=0 */;
/*!40014 SET @OLD_FOREIGN_KEY_CHECKS=@@FOREIGN_KEY_CHECKS, FOREIGN_KEY_CHECKS=0 */;
/*!40101 SET @OLD_SQL_MODE=@@SQL_MODE, SQL_MODE='NO_AUTO_VALUE_ON_ZERO' */;
/*!40111 SET @OLD_SQL_NOTES=@@SQL_NOTES, SQL_NOTES=0 */;

--
-- Table structure for table `categoria`
--

DROP TABLE IF EXISTS `categoria`;
/*!40101 SET @saved_cs_client     = @@character_set_client */;
/*!50503 SET character_set_client = utf8mb4 */;
CREATE TABLE `categoria` (
  `id` int NOT NULL AUTO_INCREMENT,
  `categoria` varchar(100) NOT NULL COMMENT '"Alimentos", "Moda", "Ecologia", "Ciencia y tecnologia", "Social", "Salud", "Academico", "Entretenimiento", "Infantil", "Belleza", "Otra"',
  PRIMARY KEY (`id`)
) ENGINE=InnoDB AUTO_INCREMENT=17 DEFAULT CHARSET=utf8;
/*!40101 SET character_set_client = @saved_cs_client */;

--
-- Dumping data for table `categoria`
--

LOCK TABLES `categoria` WRITE;
/*!40000 ALTER TABLE `categoria` DISABLE KEYS */;
INSERT INTO `categoria` VALUES (1,'Alimento'),(2,'Moda'),(3,'Ecologia'),(4,'Ciencia y tecnologia'),(5,'Social'),(6,'Salud'),(7,'Academico'),(8,'Entretenimiento'),(9,'Infantil'),(10,'Belleza'),(11,'Otra'),(13,'Juguetes feos');
/*!40000 ALTER TABLE `categoria` ENABLE KEYS */;
UNLOCK TABLES;

--
-- Table structure for table `emprendedor`
--

DROP TABLE IF EXISTS `emprendedor`;
/*!40101 SET @saved_cs_client     = @@character_set_client */;
/*!50503 SET character_set_client = utf8mb4 */;
CREATE TABLE `emprendedor` (
  `id` int NOT NULL AUTO_INCREMENT,
  `nombre` varchar(100) NOT NULL,
  `email` varchar(150) NOT NULL,
  `telefono` varchar(25) NOT NULL,
  `nombre_foto` varchar(300) DEFAULT NULL,
  `foto` longblob,
  `id_usuario` int NOT NULL,
  `pais` varchar(100) NOT NULL,
  `ciudad` varchar(100) NOT NULL,
  `biografia` varchar(500) NOT NULL,
  PRIMARY KEY (`id`),
  KEY `fk_emprendimiento_usuario1_idx` (`id_usuario`),
  CONSTRAINT `fk_emprendimiento_usuario1` FOREIGN KEY (`id_usuario`) REFERENCES `usuario` (`id`)
) ENGINE=InnoDB AUTO_INCREMENT=22 DEFAULT CHARSET=utf8;
/*!40101 SET character_set_client = @saved_cs_client */;

--
-- Dumping data for table `emprendedor`
--

LOCK TABLES `emprendedor` WRITE;
/*!40000 ALTER TABLE `emprendedor` DISABLE KEYS */;
INSERT INTO `emprendedor` VALUES (1,'Puseria Mary','mary@pusas.sv','22555555',NULL,NULL,3,'','',''),(2,'Crown','crown@diademas.com','23456789',NULL,NULL,4,'','',''),(3,'Gliti','glit@gmail.com','75315942',NULL,NULL,16,'Honduras','Tegucigalpa',''),(4,'prueba','prueba@gmail.com','12345678',NULL,NULL,19,'prueba','prueba',''),(5,'Bonsai Corp','BoCo@gmail.com','71235984',NULL,NULL,20,'Japón','Tokio',''),(6,'Juan Gabriel','jg@gmail.com','75183952',NULL,NULL,22,'México','Parácuaro',''),(7,'Federico','fedeGa@gmail.com','26548875',NULL,NULL,23,'España','Fuente',''),(8,'Los1D','los1D@gmail.com','11113255',NULL,NULL,24,'Inglaterra','Londres',''),(17,'Paola','pao@pao.com','12345678','chica.jpg',_binary '\\\0JFIF\0\0H\0H\0\0\\0C\0\n\n\n		\n\Z%\Z# , #&\')*)-0-(0%()(\\0C\n\n\n\n(\Z\Z((((((((((((((((((((((((((((((((((((((((((((((((((\\0\0\\"\0\\0\0\0\0\0\0\0\0\0\0\0\0\0\0\\0\0\0\0\0\0\0\0\0\0\0\0\0\0\\0\0\0\0\\ciw\\ѻ/tw\\\}\\wow\\\\qkzI,\\4\b=\\\L\nv/N!\ZY(b\\h}\to{\ۣB\gM\\\)L2\\0jF\j\'\\T!-`\2錢v\ro\\=)0\\y\\VYZ*\2\\Xh^t\\"\3ѥ\Cm:\00hL\ᚬ\/\S\S/0\0\\!\Ae.\H[mι>\4]+kF\\'R\\c~;MV.\'N&r(o-\fi*9]ԕL8\\P\\-.\\o\\hڌ<46^%f\n~b\u\'sOQ0uVdGF<\f\\,\\I\Z\G_\QN3\6e)͊Nn}\)\\i\Ÿړi\hQ\\T\8VK.CH0v?m\l\\%\oI<іTn\Fjo\\1M$`yY:`l=_\.:\\\e*E\[g|i\\710K\e\nήܚA59=\Z\8m\rs9\qX\W0YsE\"F\:\]*\'w[F\p?\\\1\ZWѕ7Y\\\\]6\??m\'%`\0\D2\\[]MJ\\\m>\;~kʋ+\\0Y\ks=\\g\"ۊ\]\(9\h\g\:\]Ob\\mݙ\0-\4,*\tκiv!:F>T2\\\0\pl5.!LMр\\\n3tsXmÝ4T\\\!Z\^\@k$?:{]\\\}d	n+fX,\\#u:qSl\\\?:0siwq_+V}\ZGHQ\).\'\\L?>0$VZy0鬗g&psGG6Eˡ\\L\C6s$gt\xn\\\\\w\xc\2L\Jtk7T\H\|\(9:p\us0&tBՄB)\\f\)\\+m\\\n^Ƴ*uy{i\e_ t\\|M\\0\\Vƒ^\\飗\\ͪwCݡgL\誳pL8\\b\+.Y|y흌\"d\B\G^Y\s.\gi\s\;\;\iʜ]Z3ՑLJ\;\;\;\\\sލt.k2)ctJ\W\e\\\4H2#\\\9P̆6Ҷ\W\\[_UgHwэxWɸeJMOn\n\\0RtP\teյQ:R\Rh,Q\W\0\񝐿\0LR\"#(\]J+,-`b\:1|\e3ҔL\K\F\\Z.\rUZ\w\wD\n\\\NzBF\\s޽nOW\\<\ \kEDsj\\\e:<W˙7h\nѶRΘt:P=\b^^Ƃ,x\<\2_O/83O0o \\\Z\UXD~\5EH\.7\gIeh,E<bF#<\\$UI\\j\PGtE|\:\˛U%8yo%e\\\\p!X0ZѰ\\Z\yzk%\gi+\\Uvk\Ghϝ\>\D\ӫ\͌\{\\\\\̵e\6\\~{;G\Tj\Ӕ8ET\eq\\W\\L\;4\\zS\\Pt}\j\Q#x1}\ox\\\+\\Z{\\^?\\0-\0\0\0\0\0\0!\"1#2A B$34@0\\0\0\,,)\0\\Hr~\bdE!\0#0QnAoMEFHa\hԲ\f\\\\\0ûX@\=pF\Y+>OH\ZYR5L\}7^D A\]gmI,Ql0\@VX\\T\ɮ\\\VǶ\0\<0\\۸˯1mo\\t4ض+1vj[\Z\\\In]O\ǳ$\\QmS*\c7ֈ\5\'֫u\<-\S\`uS\͍EBȻf?-e}:O	\K\е\66ʰfN0qT\a1\ÿG\ܰy8t\\"\\P\\f5\\\\\?\x\Zt\^\SHWSP\\5ܳ-Zen\r|TNnp :G	ȱ\aU\2\\\v\Ze3Q\\a/\Z\u\\+EY\ש{0}l\4\u\\\>-l\\OF\0\Z\U\\Ubk\߭\Hΐ ,&e\\\E;Y\y\+\\(MzaY]i\J+eص\ԬY\\\Z3h6ZP)\0.gS9\ؘ\_&\'XU\MbΦ\g\Q;\뮷+6<8\#\\բ\#\x|s\\A\ґ\e\XJϊyVeS\\\\)7ğ\qg&\g#-s9Z)\h\nT\ݪ\?t\'\XR\Zz\3*:-0Gu\ۀ\>\3\\7d\\\\\c\\\\Y\|Rư\'Š?\0\\i\.p5\u\{&qYӬw\d8ߕk\ܖG\'k:M{*T*\lDj\Zϥ Dx_\[q4g\\Z¶-nW\'I\~+e&%85w	Mʯ7\_O5\\'l!W\\<R֘F\\-\T~>\?|\\&k??/m\\S\}\Bcԛ[\:\0\Zeq[;x\\\f{\Z4fn3u%<Bf\\Q݆4GŞQ~6YT8\Yf-e:k\\vs\>0\ؽUyN\\m\3+4FD(\L\[-|/\r>Sn\r\{U:`\\'\6imfv(\\\u+mk,\\Lz!2?\ZTKltHl\\ZMܿl%\\cMrZ\\[R\\Z0۔\\v`QW^w\l\Y[ڕ\'\-e}]\\/ʶ\\04\,s\?k\Ҧ\jo\"w\nklZU\\\\dq{wgv=G[tȵYUG\\04w*\n!Qo㨶-.Fmr,3 \;\WK\\\/\)h(|&|\YyC\~\n\y#B\w\Z~:\t:=\\"_\r\\r1GNW\\\G\W\\\r\v\pvQaT\\\\\y㊾HN\>G;OoC22G/<V\Oi<*IU;^0\uu^\r6,\~:5\\aJĨSD2\\\Q\c,i\\n\0j@À+\\<hIeq\?\\\̑\aеP2-\XN*K\rL{4_\/\_(<P0\gQـd>K\u;t\CdhO9_ه9)(?Lw\fCUcfh\0\{Nws&\\O%\\~k\*\;B9>lX\"xp\9\'\\bU߾3j)U2c\Ja\\~ڰd{Y\ U\$KI\R&\ ݶx\{#yp\vNX&a\0c\\ƥ\N\[m\]\pshN\\\7ŉM)mǓU_\'\k}\\p\^0ܫn|m\<\"K@wKu;6\\1j\\]\-\qrÖiA\QKp؏+<,\3A\,B\\\C\\C\m,1\:rF^QlN\V,b!ԛn\\V\-\y4\\Sܾ}7rG\"56_r&۝ùgEx\Wd gܬs{ٹSŬ\UlڍFQGq2\\\\F\C\8&LDϩ\\`\k\@Vv(E\S\*LJel\\{2Qv\"_efrk\\n\Lف|\0Ԝg:K \ݾ\0\0\]\.So2=<@)Ad\%O_<vnPJ)\\~H?|c\Ƽ\*,x\f\\\YF\ےk\F\?:\Jxq)\\"\_-wp)a\0PIy\Y\'ϣ	:\Z4/k֥k\q\:0\0S5B\:Z=\\MoaX\\1lz-j\ny\\qG;8UȦA\!\|S\ډ[?~m\/~mW\\qZhc\yFӹғţj|5m\iISzk\G\0lv-\S\0ME\O\wsso\\\{\>k\'\\\^!S\f\Q\D\*w#\W~x9cx|Xf[qQ:a\d\\*A>o\\?d\[\\{lU-\F3+(7\C\>L\>\Z\5[\\\\M\\0\Z/sr{B\-1\\tܵ? K\ZbeU\\4sf\\^<FmO\7]2\no\\\\i\j.\r\\$i\\\٩\\r{i\VA\\/P5\䫶Z\0,f1 ,KAc)k#WjEA\Z#YB].\u/tZ\ѓrcVc-F.5BQ5-m+\-I~-vk\0\N\ @ًYv\0;A\\\Z60\V	\\xњ\;3\\Z\\\0\\\"\ MF(	qc\\[\\S~׍My5N\0N>)\\<{\Za6\'\6\EoO\~1fc\z\^کX\~/yB9lBڃBn\"?C[\\r\w\\'\Y>\O_u\\̀\6^-Ev6;\0\Z\Z\кȶ6n\6+}p\\0\"\0\0\0\0\0\0\0\0\0!1 AQ0\\0?wY~\q\\,\X&9P\yN\\\,!-\Ď	A>.ǆ,\X\Z\^%\\"8RIQVm:%\\\G\'h\\\*kR)mCIp]\K\ѹЊ#\,葲Ʃb|Gѡ\>bhl\NH\P+\ZcTA\f9j\}\b{CiTY9bf\#˂\\\X\FI\8dK)RQ\1j\\\#.D\}Kt.NJ-a<JOCQ\#Z</I1\Z\TX\\:$\"+\!pAr>H.isBLI|xOO\\x\\\\ǝf\RJ78\Lj\F؉EV1gM/\KV_\-s\D\\=HH܇$\\y*\8(zOQ/5\Y\t7\\g\Vk\\[QEQE\\0&\0\0\0\0\0\0\0\0\0!1A Q\"02a\\0?\\05Q\ޤ\\l\ŉ\r~\\\cED\Cf\\\\t\^\\إZd>j1\yе\"dA^\\"QoHeDWEYd{\;ՉJBɜ\\n6GNR#\Jߧ|r>)~&{\;K\,lkKK>oP0Het)5֦FD\.+\\IG/TB%\Ebק\ncDF\\\(\(P\ȫzc05D#\dZz\Z0cl}o쌓\D!O\ZȓC\"8}Oz)V\KhRD\Y;&@hV\G=\*<rtqq\5\G3\tGݾ\retB,ϢQL\\/v\r啱G45HG\\S\"OG_c$\nC\\a\R\Z\?\\rtȻE??#\j?r\i91\\E\n-X\\'c\'\J?#.E\Ȳ\\\DO\}\eYe\\09\0\0\0\0\0!1 \"2AQaqBR#0br34@C\\\0\0?\\\\0\\\\n\R?ŗ(evW\n\rU\nG}\rUL@WU-ҪHٸWʲ\\o\nĩ\\*WʜE\eCe\>\\ꪊ+N%B*J_Ռa4xc;O=\\L\L.y\\ \nчW\0Zp\Iq\A@P,Px\RA]\'*ܨo/\;\Fl\Y;:\\R~yx\IT`\|KZA\L^\m\PM\\r9\Ί&R\fS\"\4w\s/;ɤ\"E\kzF\Ƀhh6U\0\\u¨з3 \n\/\]ފ\_ڠ\N&\_۽xPє \0U`[dV\\*4;\`j\C+_\r_\V\nYY[q\C\oP$;U\|\Z\#\\@.eoeoeoea\=ȸ[\G\۫QD\]q:u|OA\ĵ\$\o\V\.0\\\M\\A02ttZ0\\<S򊕫\naA\Ad\`ouƔKX\\ZWȰ#ӄ7\nV\nVdC#TRՋ\yJ~+\zmԦHK\,C\\"\A\\a\Zu|\\rt\ҋ\'围\2\\\\\IM\hXLia\v\\POq)\քri\AǾP2r֨ \93<6\#0\'\\n\\\?uJl5\aR	Q\;3̨R,P?A\5\{\ևtP?\L\sv1<\[4p-锵UUYn^NGd\\*o\ yZ.\ZS1\|9k\/5\7̇\0Zy?\nd}A(\ENKjm\R[#\_CbrPlWe~\\~\Q\v@M۷E\W7\'%IP\j\%D\o:\0\7\)U\rЊi!i\a_`*\\W\z{e9\mg\;:FĠXeP2\uSV\-<\\\qJ)J#ޱ>r\'\'_(4\\\3|6#4G`(Rh)RjrA\Wp\v	Gh6	D>\H\rZ\Uۦ\`*\\i|K\Z)\\Z\0b\9\32:(疓ge	ݲ\r歐ͱUV\r՜ɪP.\(\\\4uZbA\r\r\"?t	2\\0U䨆\nFT\A\r2H[`;W\sA\lFU\Z,@_\i*0\?Upwj\\6\]V+uU^kt\o\)\5Z\t\4È\0,hN\lJ{]-/_X6*0OU\6\NTC7|\(U`-ռ{!-T\\Z$u\\~\8\\DD*t]\0\kEq\ߥȹF \*y)S*woBTD!Xz_\\\\n+\Z\Ì`\hW}P\nDdkG\0N\\T\\\\т/u\#&\T4P\E\N|N\\d\\\"{QG5\*\\܌L\~#P:}LIY𴰚Hr\2\8g\\bPE\\XKwi_m_碅\\S\9@\;Il;lEM\r\r\\].t\|w\rl5b=/\:\Z%\\;ޥ}\\w1+ST\*s德I\Ӓ \+j,rs\\\M\glʆb\S7w\T\\Zxz&^5tA\\jc;$\SX,A>\2_\}\\\l\\0JZC\>H<4\9O_\YE[y8N5L\{T\A+\\E\7]*L\gZ\'4\\U9UX@X:uz)N(\#vBGu\n;i]Li\04\\Nk\-\L[\\	\z\Ұ\569&	\\\"\#t:\T\S[\0M[\zu\r\v\0\l]&у\,SGM\\ZrEL\1mKxU\k\@\8rt\2\\'ԯD\\ߨJu\by!\BiPO*A\\\\i\\\\\T\t&;S:\q-993*\AJ\sZO\"XU+3Oe\nh7s;#=Q\JoFwSY}LiΉ\&E\0\"u\NtPt@\PpE\;\\0@\\\D2=f\\𵷰D\n*Q;橽eG>E\ET\">\D&MEJtT*q.\\>\S\"\=8Ts[R\n4\'\s+.gʠlޫxeGG\_+{P*NU\"\+\b\*B\n\n:9R\\}6*\\>ai\[`\`N\\6do\'W?\\lۀ9m*y<\!9\b\\v\GE\7\\yXS\~\LU\u\ꫲ\\\\^ˋ\q{./dd\"e4\leT\\\\5WW\\J\\\q{!Uu\\0(\0\0\0\0\0\0!1AQaq\ \0\\0\0?!>\>\0\l\\G\	]N1KCgЇԇQLܴ\a\rcSe\Oè}%\_7\'f\Ku*sR߆&ǝ\\)_JM\:_Y\"\\\-\\ǭ-Q)7u\\\iC\F)k\\,\L\D\emM\><\\Z\eV͏믢\?\eBa-嘑nq3\Da\Ԭ.\Ns\\W\\\AỴʇJ\1_\\Z\)%;\R\r=ƛ>\\3\gaP\C y0/Q\\0y`q\b\ۜ;+\#7יGo\aAxO=SG>eh\0940\38\%CfnRL\\'\gf&k0=\C,si~ေj%\\\Cԩl2\<LC1A`\ȳj\\3|=0\R\\S\n{;zj\\\0ʀ\S\0zB/\>\\0\\$pI̽\},)\u\Zz }P\0c\m0MK\Z\I]e0W2\7 \\0,V8i6\\L\0D&z.=g\\\ʾ\\n\+DEK,!&!^\9{|ABʩB\'p\\A=,{`a\3\1\r*8GL<#AfZ\RZ(կr\\\\rO(\pk/\dT͏=Ԭ\\̻\Fۿ\i\3\o߁lW{DV3*ʳ~\V԰\SUSBP%\j\ZqaAj\\R\\\TbX\>1 \G-Z\=}\5=3K\S1_@)<G\	\\cJł\aX}0\ᘼ\\1\rK=2\0\8@K\%L?3T\N[I+qaZf^vwĶ\\#\"u|Cr\B1˲U,J\2\09FV\ǙnO;G/\\U\!=O2\?\\	\02C/\C	\{tF˹r_3$%)\4MD\\\\\>\\+3AA>Ӊ6R\0qƉr\~Z#lhQ.]SB\\!Z\+\\r;hc)5#qf3R-&DR8S\\0e\㸈\\ޞa\4阳0W$!\f>6\^%\ ~f}Ȑ2ñĨP\HS	bţ1\I46Wr\%\\r<\/S_B\̕F򛩱F/S+%K\1r\;\*ʷRu0\re%AW\s\p,\\׻\1\\\b9喷\3>-*\b>3h\'#|Mއa1\\\\7v\\X]׏g\\AeM\7/\\\An\5V\Q-3\U6m]T⇸h1f!\\2sk6\_0:c[\\3\Fw\\\hX|\pug\#\)s0K\Z$\\Ԩf所A\R+#\_\fe<Di[\\n\2삵vc\\&\bW}	0tC\.\\b\]\p>0xA\5Y^\V\~Sq.\\if\\.\0rUբ\\_^Q:B\l9G~\37&(8\T\"\ńL>x\'{y<ͷ}K\jA\\+&:\^\bG*l-b\X8/0cfT\\s9i\\ɈC/\\'SN\)Iu\rZYY	L\.\7-S <\ҮW\FӋsG0ƀ[\	a;4q6\qc9ʱ4c\B\aKa1-<Y\|\\//Sa\\(x\n)\\K\\q?\B<P\C*?R(W&\66xLX@\F\{lg1\\}GS;\1\\y5)]a6\\\\ڎ\g\1`\\B4&\\6::ځq\\ZfLp\k!ܿ\*6\\w\\\ܰQ:\u7E\/I\Du\\`\Z\ψBLHO\mʡS\Ƭ0\\\uψTǢ\m\\㨬\\"\\\6K\ԊpdD̓\q8\)d\T&\\:\\3e\/ջ\v\el}2\\a3\ǫl\\\˚\̽v\Z\\\'%TG/\n@\\L\j\4\\5Je\KSI`a\rY^\T\5\*\\03{\\X\Ki\\-#Xzw0\r\hB\0\Enގ\\zԱ\%\">`\B\iS*ɐU\rg܉`栈ݼ#\Zq~x\\Y\m\n#Zx\Lƽhu.Ud75ٌX΂;>o\PyC\\!\Zm\W69]yp`(18`[.C5^f$W\&p\\0sViIGE诙O\0%\R\e|\8X\\Jcb\\\>MZ\6\\0_R\<\=Ba#\\"5z9\a\L\ysC1cȺo,YkYM8\\0^\j\2\/\\͑q]]㯈g\\Z\\6@8\\|\\\\m-X%MH\'>e[\H0\ZHsب|\\\a,\nem%\x\r\3(\\'j\\X=\,\,	 %\Q99\X\a.q\n0\\Z\5C\Z*!9\(!X<ʋI$B .uoPi\rC\P\\}A[\mGdGU~L07\\~3\+8ޢpr,[\(\([{2M.P\0%*3t>&{`\\\0i&)L8=\~\P{\0g\/sz,):K4\ċuxF\^b\Zܰ.w\3]<1Iqv>f \\'7U{p|\2\&T\Q8r\nR\|\'zn1\}Lu*W\0[\\#-<\\n\Zx0yazϬGKW/0TA,}-\G*U?Ѷ\\'mszGHek	l\?<\\\\(xJQm7[jYkX\sǮ!rd\9\\'a7W\wȃr&8y3&QXIBPM.D@$\dwB	8Rߙ}GZ\НTy D\*\\"ꡂqQ\\6u\\.\Z=f%R\	KT\s_̾ fˢ\\7\.\p\7\2!>Zy\A;f|\0G17E2\k7\0\u`,\\攇\X\?\\͘V Lּ\u\|԰\"\mF:]M\^HkOڕlc0*#.\N.wn\U!BZR\pGz\\e\ͨZw\Gg|[u\ZSA\\\\;\"r\~\0\0~B+\jQA\\n\E§\'N!\Jo\p\\\n\\7\#==lS\/Q\n\\\-I6EB#Z\0F\U)[\3q\9Ml<KC\\\ \YVqc01\N+U\Jt~`}KJVhwdjc_ܨT/\@R`\Ar\dQL\*WW\ayO/7\-c}\ys)q5XK4ǖ\f.\\2\55%9⑫\x37h\\2\\\'h\\Z\1Iw&UG=D2Z/6\0sƫ|\9]{fhZq9X\\MG\eτE\\3A\\\}=ׇ\\"\m\\'3.*\\6\}\0\sAn[o\i$6je(\Z?IB\#>X\KfEuq~\\,̈;\\A^O\8>,x ;,\\Wܷhh|ľX\\O&\"\\r\&1\I6OiXLST\\\Z\0\\`{fl10sH\0\yC@GR!m\5h65[5\2J\攱_07Sz\\4F\Zb\Z{![JË[838m\.S\x׉_\Q2\r\6\/\5zKa\\\q\OLL3\	3-</.?ԙ\	\AKx\Gd4\MWDz.~YM\)\y}@Z\aPG/r\\81SO1`\,\a>ɿ\\\.\0JX\Z˽a?I[+*~eTn\P\"\3ω^o\>\G\0\\\0\՜A\C)+~sx>\^U{0\5\Z1s\"V\pq(R\c\\0u1\/\O_)WP\\įi\j\'H>&:\\j\E\oܭ\\\0!Ow/G\\*!m2x$\zQ1z;2n}rQ\\n\C\^\\qhao\@@TTں\'p̧z:x\-=J\\Ő!\g8栻\Gs|wO;11xc\'p	}\\m9I\>Lmj5v/\əвma\gs; <F\\0\r!m%p7\<o/x_d\\.)]#ݕ\Re]@OHK\Ziܯ\\ooD \SJ|&dl=\;\\`\ߩtD\r\\(oHG?V{#\\0\0\0\0\0\0Q7x^qS\\r[\\6\O.\<g\	Ԟ|\0l\pmo\0|\\j N\\Q༻\"\\/	W+o\\\ydR\.w&	pE\<)%\0*~\Z\\\Z;i\\[=2\\'Y\\\.Eʨ.\B\\BJ\\nPm6r꬐Kpn^\I8ՇX\x\ɂf4`rr\Zls.ߟ\70\\P1\Wïr	2S9<\0\p\8\\p=0ojSFJ\%쥐4^jb\0\u\A`{\\0 \0\0\0\0\0\0\0\0!1AQa 0q\\0?\~9?Ђ]\\$t_~؈p\ʺ\\ǀᤋ,}\\!68fV9w6E\,.OAd\,\\c\,\:Om\\\bet \\A\g.}R2]4Nn\\\\K\';Gv\0\\\}c\\\G\\w\`Ag>7n\.3wtÁ\\ce=D11ߢu\Ν\6\\n\`ٟ+f\\\s\\K\0\\7Y\>ٴv\R\m=c~8\و%\\K\\\%\\D\s[$\\I\!m\6v:\O\K\bMWY6r\b\ڃ-M\l(Ʉ\'Ooeټl\ެ\0\۴f\\iɎ\c\\\\qCՙԻ\\v?ܒ/\\\\\\0wos\\w0B{[xg/\).\.@\t\u^:\2\d\ov\pQ`n{\\'yl\ =G\n\W\\n\\\ͳ8Ydo\\r2\rYZɅac<E\?,~_\\0 \0\0\0\0\0\0\0\0!1AQaq0\\0?\__WW\\|	r]ݳ>}OXO}l\+`>D\\"\\2\/\v\Rr:\VC5\}\\HŚ[&\NZہ\q\"\\\IuZj\mvt9/ՃEk>Zv\0^ܜlcmd\-\|>I\B\Z|+Ae\\v^6\\\F7S\,]Kz\gρHÓ\nA\Ȭ蓻e#Od\'dZZrf\]YD],\Z\8{·Xې\Ak\C>\'l:\ǳ\A4e\/헨aaZ߯7Fzdr\P<${`x_vJl\\c̿\g{>e\H:E`^^\ \#>/\'\й}-{\\\#nlI\\\\'H\\Z=\]y<{5\sYm\!\O\ý&<.\ \\\b\\#ρ\\\n\aY&)iKBN\^8SI߆-ަA\}_\\kG\;\\#1\\\ϲ߻GvW\\ONnF=rV\\̺B\\<F>6mO\<0\/ޗl\\	#\>Ҿҷ\Roaosmo\\0\'\0\0\0\0\0\0!1AQaq\\ \\0\0?Wr+=a\"v@n`fd_\T\?Xr\D\\q\V%N\0W\\0\\0\\*\Z!+?OH\⥩\g*.p2\R\2\ХI!g\\\SI\Lr(!<\D\T\qAQ9_cD%\\ A9\0\S/\3ѯA\*?\\9sQ+\ۯ\\Z\	\C)\\\i\\za\$V2\s\\\Q\\c\(\_c\Z[\\\\G\\ZԺ/\08\\>\"\"u5@\	\~R/+\\-@\\LMR\Ձ\%|\=\*WL>N/\\PLlY]U\͵[\\rH(9\r[\:r\\\GT\D|\߼[c\%\\\i\\\\hv̹1\0l::@~YAexJy[\ }\9@H\\\\rBG\*\r9\i~X;[}XV\K\a\n\棘i\0\@Q\\nRHl{\%\rm#sw0\1`̬5\\O`\\6GOG\^V3L8\`؍4	\Z~vʿYR;E$cC\Rr\\Hį\n\n\m,/oEg\"\in(\'6c\9\go>e\\#$\\+\4A	\v\?*\|	\+\\~?9uyb𘘃1\\D͸\į\\\%@\Z.\CJ9y\ۑlP.k@xq\0He+#ܺ\n=0PІB>:\\b\t=b\di_<%\nXߏV #\\\\N~\1\<*|1<J-<{n*\\\`\\\LLFFMˊr\mluX*ck\\BW\5M@xxe´o\I՗Y\]}#Ce\*\/\ZE\{Dn:~zCp\0\0Z\,ʔ\'\	zL\\\\p\ \1ӈk~ \V@4폣ϴ\1Op\ś\\\lMp 0o}#͊CR\\a\\KS`J{NciX}.4c508,APCV\f\ٳ8c 12ʲIJ\\'\.P\rZ\[v.2\\JX\aġ[C\\CUg\\47\\8Q4vBT\F\\j4mz\\CptK\x(a`wa72	%~O~`#@\¼\\\\?XƪTLٍwJm\栎n\̃ʔ\0\"siYyѪ\\n~\4Vp\\rfEO=\V[˸\ʖ\PH=n\\J\\nn!̩UgCG\\Z,U\L^%V\`vՕ\0~Q\\\r\_\,+n﬩d/!AP2@]\̶g\UKMc|\~c\r\܆%\\\<a\\Gy^-;r)\!\\cdڀ/R-\\\\\Z(UdT\(@Dc\\Zx\z\R\Nj<q\\jV<\B#u\r^,^%2HRll\J\B\\?\D	\\T9\~!\Q3-cYN_v1hJeK\v\ݒJb/\Hz\\*`v\|\#^\Plt\k_{@\ϼPdf\O\}\T>v}*1\Z\\]M}c2\n\&\⑄éH+\Lc\?\\\4kGOc3`\\r.\\i`\#\^\\4(G,R@L5ǈBA\얚<\\AJq\\>Y\ŝ\w.bq\Ux?\~`\Y\d\ua\UOT>|2\\Ƨ\\oy\0^ˣ9cI/][pc\\]\'$\VQK\RWj+)%\-?޿#?p\\\y>{n\\k\\\#DQ+\yP!<uQ\E\#+&]\ZyɉLTta\\M\bv{O\\0\W,J&R\Z!\\0w\N\ⷔz\\O~a\@\,a%71g\/p.kDy\rפɣw.F*-\	\_M\k@<T`.u\Z7bs,b\"a\u\|\\Fjfԋ{\4b;E\r--\\CV\\z\W֫i\U\`x\"T\+\\"\S\\@\0w(\\P\\nHj\0\CY}\0mLI\8%\\ٺB\UQB@_EV\\܎U\\m\'g\֯ \#LXlvѶ1\fy|?XKū|\$,v\:\QG$G\İ .W{	^\'J\0Ֆ6\@cEt6K\\'p?f^V\nX\"\+?\TLz\Bhq\x̯\ ל0]\rJSK^ʡm5\Z\p\\؅KV\O(\/\Z8`\'.ZIY]\v\0\':w)o	`\K\\\\撏IEX\;K*av}xW\-Z\\\\,w\<O\uH}KWȏ&\EqM琿;%hWhq9i\Z\rl{@j\J޸\\lr\/\@B|\9\r\pUd[\\r\\\\ӟ1\=+\KM\\¼L.\0Pfz0dQ\`A\f \a;aK͸+h+\0\Z\\r\1L4bƩѫ\c!E\\r{A\\ݵ\7L#JsV5(1EjU7\\nڌ\\[<\D]V7\0HO#\Fhw\,+\\T\\"\"9k\ZRW\S\"r\\01φ+WdWO\k\D)G\r8\C4¹~%Kpd\\7rbjg`ۈE\s4mr~!\+՛R\\SJ(h1N\\\,1\75\p\\#\\\nrϘ+ԮF#1\-:w1MJL\Z̳\n=;TF\\9\A\\ \eH\\PRէ\Zw\_\.\\=!(-\1L\,UYK\[\+\¼%o}jVb:er\iK-\\\lBe\%I(U\1	iħycC\TX؜fq\0\ZGkfVEG\ Ko`Zz\oU\3X줈yH\0#ƍ>aY`EY\"Ȭ\\\˴ a8]N\\\\(v\jXAT,6,\@z2U=b4/s\R_md\ZY_\\^\n_jYe\\\Δ(,ł7%Q\PY,pP\:f!@;_\z!FU`\\B5ţ\_x\5@\T7}[~\AQt#Io3\n\\\P_\+2ꌬ^ŮͩWҘ\W	@\fS\T\n\)\ы\rVZe	7KAh/P\\F\Z\\:)6\n\\*b\&1[\\x;GEǸZ\\,+\!)\e#\0\I\\7\J\wTi\\ǴCΏf\UC[\ߑ\\K)\\;\Z&\p,	LD9!.\r\\U\\\nKn\ 1\\%Ҙ`\\"\½gxT6}R \0\%2]4~\)TN!W\rCA~\\S_?\W^o8%5q\\2\?	=\Z\IHr\cy>nUy}u.nԲ\\\npv\\i\bX[\15ڿh\\0ˎW6}!*&r\rӘu\~D!:Ry\\\-\\\f[&\̠g\j\\>`QD4!N+\pӎ\56˦ǟ\ԁEo9=sN\\\-ۡ>.[\\"~\`(;x\Q\>`D\\kk\Q.\\0Toؘb\\\\S\g\"Pr\#kP\u\\ \qXJOX5c9^b:\\W\Lg&.b\H\r\bTɲ\,\ʛ#\H\"Y\\Uw4VOm}X9J\\u\\\\\\0`S\0-*Hư1e\:j7[<\\V3o\Z;	*\w`()\\ PkOX?\\B\6|\\@5R\\Z \zE7S{+	_u\\0p\z:j\\0Ky\\\_Gtj5N\r\r\H:\Nu,7	eOx\a\\\0 h\ԤwȜԸR\QE\0Nt[	\Y\Uԕ\p\w`,7v\TVaZf\m\8k\\^w6q)\\e\r2\Z\7\r0J펇\JT\ǀ@8j}\VYe\\\d-FrrN\VZ%Ex4\\\V^ib\9Aǈ<]\.\:5Cj~YwP\e\\\ã~fڻ\.0:\r#n@TjWhq,JG\\rY\ i+Oҙ\Z@\.\r\\nZyZ\ǝ\\hqC˱e\Z\\q\	r1no0\q\^\^>!Mx\1P\\0IE\P4}4Z_@\Z3\0c	X\\\U2G<\\n\ZGw\2\u\\)u5VQHf\i\ԉt)o>\\unŊ\[lzRf\U_km5P\_1u`\r\0[Ϭ1\9p\@\\0yI5L4/JT#-u[a\!\ms\0vŝ\u\\SjX[{\t\\[_kg=\a\\\oH=\'ܔnl\OI\\Z*j\`s\0x\\ं^Zޯqn}߬\r\^\\\vV9\\\aHm\VG\	\\.Rޮ\e\'\n\HcwXa\G|}\\\Zj\.%k+9Ȭ\qr\\sER\@Uk\\ˀ9\UKʰ w,/Ņh59Vd\P@u=i1!-XzP\܀\\Ϩ{B3$!*\^Xo.&[hFA^(\f\0s[\"ru`\\\\\\\ XD \U\@\Zyˌ\rڏ\\=!^k\S#06ve\0*\0%\rR\&Av5\1z\n	\pu= j9/\ZA`h_a}\G*F[~H>Ǔq*7N\E\lCͰ\'.\\zn?p6ƩbTnP\\\"\nn@|G/ח\HmJ,\Ɣ`|ʞz{a`\n\d8\\qv?X1ޠ+\#Uvo3hw\\rHj\"PX}Ԋ))\\gG\=@K\\\\\+\0n`1}g\`{\n+BY ]qFechQh8\K^C\CkWpo\\p\E-M\4]	\y1h۷↲C\\\\_R+^\	\WW\3`\\n8|qT$P*F$\#c`\Z\`R\_gH\qK\xP$Qd\\Z^1\ޮ\&XL̜\6w^c a^Pj/\\>\[+\F\0\\\BN\"\\\+\W7r=%a\_\5fQ.S\lUSBʊ]j\O_J^˵Qb\8̈́G\lw:\o:e\\\=*+7t/\&C4ɐ\"\j6)C1fh%\r\si`/:\]\n88c\-U\f\0R00Q6rxsF<\Pxէ\nY\#y\6*ƯixPh(\\60\ֳp8\A\|\ZrQbPt\}p\pAr*t\0bkV\\̺\\\o`!n\\\ZTt\ɘ5ѵeW2ևC):rÞywX\@\"fwO5Ѽ3ƀ\\\\_\`eWe\z\ 6\\u#k@+^j\=UYe[`>Qt\/E\&\\0\EAu6S}\.T\f\]\-\|K/\"\+\\Ac\n\ZҖ87\nGj\\\*e\lLE\Z\\'V5\\ܷt.S|wj\n\t\,bCJc?\b\\;;\\kl*\ǧ\w̱\Z\ԪSkR\3\ٷ\m_\r>ҋ\ZO\vy\Ҳxj\0/3%ked\\\\\1\\n2~XdnP\LW\>b\nQ$Tr|\j2^⢀\y\i@m\QH+C\+9Ĥ\I/W\\}.i=4ʖ4pekGK!^bi쫯N=\xĦ\P%uh,\\0\Uf\ò}?\;g:\؀dB\Kr6uu\d\\\Z\e\R\\U\0N5Fu!\\z2֭MP=4\na&(ydǈy\\kX=\:۲\>j;(\qϛ@*\~_h>\t \\\\'$[]Pf \0b,&\'Xv\0}U\VuW~Yw/QI(\yP\\\?B)&\B\}!e`\\Y+_\\=`\rwF`jU\\t\Ζ\]\NH\\\I;3L\\\\\\"\0X],\bz\"^<R׋@\n`\f\\Zlϧ_K-JW\mӯT\V3\\\)peG5\-O\K\0%\0\'_o\j\W\n\nwn؏˔20-yÈ6BmS3N\E7A~\\\c\,\\\>#\\gAfء6\\γy\b\Tb8\\+Q\\\(\\]ȵ[G޼Ng%/qƈ\~\\\dH,\rpmo9#<Nk\0F\\	Z\Y\\R(pH>^X\1k\U+ȻO#\\\\0\?\ԍeдV=\ҴrJlN\:RZ\2\\\@w\Z\\0\>lT\\PDb\@\H\\\X\\B@m\4>ҝ\r\ukK#UP\\@	xY%\\r}\~,\'^T<\2ɜ\Wp70\nE;AdW\5\r\r\\Zψ\`\ZK\\/zo/g\\2	a6K\r@\\r2E#%\Ek\0\K~{pR03\0I\xSX\G\B\\P{]\]@NSB\|b\k\k\0i8_|\o\¼F3vZ=\*\W\0h8昣\'_aZ\/4\gؙ\Fh\0dSS\Zy\q0d\Qx\eU\"\\nO_\>v7*+јms]iWoǩ)\VG\ykMPKb_6%\"u\\\ܥG+xb(=q\m*Y+x\F:\Jiy<>\"!7\3\IO\\XYn4i\Ř\T\T,8*.n\Y-h\akV)U\s5,@tDš\\!62֦\\n\\\0-0hL|\0p&%l\XR$-Q;re\0\qmQ\\=p~A^%`\xrM\Z]@Un2i8@޸\SMU\01hبwW\r\\\0S@^\e\Z\?z\r\\0N-b0]Y@b\\\\X\4,.gŢN\@%Ǧ\]՗W\\\0K\U\Z%r0p\\d\\\0V\~0\- Մ\\\.\Ԃ(sS^uƠ\V\嗥e\Ǚaݓ\rU\R\\GYY`\ZP\e:0\\c\07\KUz\4\W\!Bmș(l0\g v\L[\,EY|\\ZYˉpo\ዜƗL\\QC_\qpT͝JpM\J\/wAo2\ b}\\Nֻ0QC5\~X\06\\Egf8wcTljp\[O?fnA\\y\b,\0\e3	馼UzC5hmYT\XkMs\(w\`sx;\h\QTXl\\\P\\\	m\H\1\/&?\i\\(V-Ůjx,P*%o,Qd,	AB/\n7ӿ\\\ʎ\lǤL\\0x!Z)~<A7`S#\@>`\\00Hq}!Q|{FP}#\&3U׉\\K|E[5Ԣ\rz\\',11,'El Salvador','San Salvador','Rompiendola como siempre'),(18,'Paola','pao@pao.com','12345678','chica.jpg',_binary '\\\0JFIF\0\0H\0H\0\0\\0C\0\n\n\n		\n\Z%\Z# , #&\')*)-0-(0%()(\\0C\n\n\n\n(\Z\Z((((((((((((((((((((((((((((((((((((((((((((((((((\\0\0\\"\0\\0\0\0\0\0\0\0\0\0\0\0\0\0\0\\0\0\0\0\0\0\0\0\0\0\0\0\0\0\\0\0\0\0\\ciw\\ѻ/tw\\\}\\wow\\\\qkzI,\\4\b=\\\L\nv/N!\ZY(b\\h}\to{\ۣB\gM\\\)L2\\0jF\j\'\\T!-`\2錢v\ro\\=)0\\y\\VYZ*\2\\Xh^t\\"\3ѥ\Cm:\00hL\ᚬ\/\S\S/0\0\\!\Ae.\H[mι>\4]+kF\\'R\\c~;MV.\'N&r(o-\fi*9]ԕL8\\P\\-.\\o\\hڌ<46^%f\n~b\u\'sOQ0uVdGF<\f\\,\\I\Z\G_\QN3\6e)͊Nn}\)\\i\Ÿړi\hQ\\T\8VK.CH0v?m\l\\%\oI<іTn\Fjo\\1M$`yY:`l=_\.:\\\e*E\[g|i\\710K\e\nήܚA59=\Z\8m\rs9\qX\W0YsE\"F\:\]*\'w[F\p?\\\1\ZWѕ7Y\\\\]6\??m\'%`\0\D2\\[]MJ\\\m>\;~kʋ+\\0Y\ks=\\g\"ۊ\]\(9\h\g\:\]Ob\\mݙ\0-\4,*\tκiv!:F>T2\\\0\pl5.!LMр\\\n3tsXmÝ4T\\\!Z\^\@k$?:{]\\\}d	n+fX,\\#u:qSl\\\?:0siwq_+V}\ZGHQ\).\'\\L?>0$VZy0鬗g&psGG6Eˡ\\L\C6s$gt\xn\\\\\w\xc\2L\Jtk7T\H\|\(9:p\us0&tBՄB)\\f\)\\+m\\\n^Ƴ*uy{i\e_ t\\|M\\0\\Vƒ^\\飗\\ͪwCݡgL\誳pL8\\b\+.Y|y흌\"d\B\G^Y\s.\gi\s\;\;\iʜ]Z3ՑLJ\;\;\;\\\sލt.k2)ctJ\W\e\\\4H2#\\\9P̆6Ҷ\W\\[_UgHwэxWɸeJMOn\n\\0RtP\teյQ:R\Rh,Q\W\0\񝐿\0LR\"#(\]J+,-`b\:1|\e3ҔL\K\F\\Z.\rUZ\w\wD\n\\\NzBF\\s޽nOW\\<\ \kEDsj\\\e:<W˙7h\nѶRΘt:P=\b^^Ƃ,x\<\2_O/83O0o \\\Z\UXD~\5EH\.7\gIeh,E<bF#<\\$UI\\j\PGtE|\:\˛U%8yo%e\\\\p!X0ZѰ\\Z\yzk%\gi+\\Uvk\Ghϝ\>\D\ӫ\͌\{\\\\\̵e\6\\~{;G\Tj\Ӕ8ET\eq\\W\\L\;4\\zS\\Pt}\j\Q#x1}\ox\\\+\\Z{\\^?\\0-\0\0\0\0\0\0!\"1#2A B$34@0\\0\0\,,)\0\\Hr~\bdE!\0#0QnAoMEFHa\hԲ\f\\\\\0ûX@\=pF\Y+>OH\ZYR5L\}7^D A\]gmI,Ql0\@VX\\T\ɮ\\\VǶ\0\<0\\۸˯1mo\\t4ض+1vj[\Z\\\In]O\ǳ$\\QmS*\c7ֈ\5\'֫u\<-\S\`uS\͍EBȻf?-e}:O	\K\е\66ʰfN0qT\a1\ÿG\ܰy8t\\"\\P\\f5\\\\\?\x\Zt\^\SHWSP\\5ܳ-Zen\r|TNnp :G	ȱ\aU\2\\\v\Ze3Q\\a/\Z\u\\+EY\ש{0}l\4\u\\\>-l\\OF\0\Z\U\\Ubk\߭\Hΐ ,&e\\\E;Y\y\+\\(MzaY]i\J+eص\ԬY\\\Z3h6ZP)\0.gS9\ؘ\_&\'XU\MbΦ\g\Q;\뮷+6<8\#\\բ\#\x|s\\A\ґ\e\XJϊyVeS\\\\)7ğ\qg&\g#-s9Z)\h\nT\ݪ\?t\'\XR\Zz\3*:-0Gu\ۀ\>\3\\7d\\\\\c\\\\Y\|Rư\'Š?\0\\i\.p5\u\{&qYӬw\d8ߕk\ܖG\'k:M{*T*\lDj\Zϥ Dx_\[q4g\\Z¶-nW\'I\~+e&%85w	Mʯ7\_O5\\'l!W\\<R֘F\\-\T~>\?|\\&k??/m\\S\}\Bcԛ[\:\0\Zeq[;x\\\f{\Z4fn3u%<Bf\\Q݆4GŞQ~6YT8\Yf-e:k\\vs\>0\ؽUyN\\m\3+4FD(\L\[-|/\r>Sn\r\{U:`\\'\6imfv(\\\u+mk,\\Lz!2?\ZTKltHl\\ZMܿl%\\cMrZ\\[R\\Z0۔\\v`QW^w\l\Y[ڕ\'\-e}]\\/ʶ\\04\,s\?k\Ҧ\jo\"w\nklZU\\\\dq{wgv=G[tȵYUG\\04w*\n!Qo㨶-.Fmr,3 \;\WK\\\/\)h(|&|\YyC\~\n\y#B\w\Z~:\t:=\\"_\r\\r1GNW\\\G\W\\\r\v\pvQaT\\\\\y㊾HN\>G;OoC22G/<V\Oi<*IU;^0\uu^\r6,\~:5\\aJĨSD2\\\Q\c,i\\n\0j@À+\\<hIeq\?\\\̑\aеP2-\XN*K\rL{4_\/\_(<P0\gQـd>K\u;t\CdhO9_ه9)(?Lw\fCUcfh\0\{Nws&\\O%\\~k\*\;B9>lX\"xp\9\'\\bU߾3j)U2c\Ja\\~ڰd{Y\ U\$KI\R&\ ݶx\{#yp\vNX&a\0c\\ƥ\N\[m\]\pshN\\\7ŉM)mǓU_\'\k}\\p\^0ܫn|m\<\"K@wKu;6\\1j\\]\-\qrÖiA\QKp؏+<,\3A\,B\\\C\\C\m,1\:rF^QlN\V,b!ԛn\\V\-\y4\\Sܾ}7rG\"56_r&۝ùgEx\Wd gܬs{ٹSŬ\UlڍFQGq2\\\\F\C\8&LDϩ\\`\k\@Vv(E\S\*LJel\\{2Qv\"_efrk\\n\Lف|\0Ԝg:K \ݾ\0\0\]\.So2=<@)Ad\%O_<vnPJ)\\~H?|c\Ƽ\*,x\f\\\YF\ےk\F\?:\Jxq)\\"\_-wp)a\0PIy\Y\'ϣ	:\Z4/k֥k\q\:0\0S5B\:Z=\\MoaX\\1lz-j\ny\\qG;8UȦA\!\|S\ډ[?~m\/~mW\\qZhc\yFӹғţj|5m\iISzk\G\0lv-\S\0ME\O\wsso\\\{\>k\'\\\^!S\f\Q\D\*w#\W~x9cx|Xf[qQ:a\d\\*A>o\\?d\[\\{lU-\F3+(7\C\>L\>\Z\5[\\\\M\\0\Z/sr{B\-1\\tܵ? K\ZbeU\\4sf\\^<FmO\7]2\no\\\\i\j.\r\\$i\\\٩\\r{i\VA\\/P5\䫶Z\0,f1 ,KAc)k#WjEA\Z#YB].\u/tZ\ѓrcVc-F.5BQ5-m+\-I~-vk\0\N\ @ًYv\0;A\\\Z60\V	\\xњ\;3\\Z\\\0\\\"\ MF(	qc\\[\\S~׍My5N\0N>)\\<{\Za6\'\6\EoO\~1fc\z\^کX\~/yB9lBڃBn\"?C[\\r\w\\'\Y>\O_u\\̀\6^-Ev6;\0\Z\Z\кȶ6n\6+}p\\0\"\0\0\0\0\0\0\0\0\0!1 AQ0\\0?wY~\q\\,\X&9P\yN\\\,!-\Ď	A>.ǆ,\X\Z\^%\\"8RIQVm:%\\\G\'h\\\*kR)mCIp]\K\ѹЊ#\,葲Ʃb|Gѡ\>bhl\NH\P+\ZcTA\f9j\}\b{CiTY9bf\#˂\\\X\FI\8dK)RQ\1j\\\#.D\}Kt.NJ-a<JOCQ\#Z</I1\Z\TX\\:$\"+\!pAr>H.isBLI|xOO\\x\\\\ǝf\RJ78\Lj\F؉EV1gM/\KV_\-s\D\\=HH܇$\\y*\8(zOQ/5\Y\t7\\g\Vk\\[QEQE\\0&\0\0\0\0\0\0\0\0\0!1A Q\"02a\\0?\\05Q\ޤ\\l\ŉ\r~\\\cED\Cf\\\\t\^\\إZd>j1\yе\"dA^\\"QoHeDWEYd{\;ՉJBɜ\\n6GNR#\Jߧ|r>)~&{\;K\,lkKK>oP0Het)5֦FD\.+\\IG/TB%\Ebק\ncDF\\\(\(P\ȫzc05D#\dZz\Z0cl}o쌓\D!O\ZȓC\"8}Oz)V\KhRD\Y;&@hV\G=\*<rtqq\5\G3\tGݾ\retB,ϢQL\\/v\r啱G45HG\\S\"OG_c$\nC\\a\R\Z\?\\rtȻE??#\j?r\i91\\E\n-X\\'c\'\J?#.E\Ȳ\\\DO\}\eYe\\09\0\0\0\0\0!1 \"2AQaqBR#0br34@C\\\0\0?\\\\0\\\\n\R?ŗ(evW\n\rU\nG}\rUL@WU-ҪHٸWʲ\\o\nĩ\\*WʜE\eCe\>\\ꪊ+N%B*J_Ռa4xc;O=\\L\L.y\\ \nчW\0Zp\Iq\A@P,Px\RA]\'*ܨo/\;\Fl\Y;:\\R~yx\IT`\|KZA\L^\m\PM\\r9\Ί&R\fS\"\4w\s/;ɤ\"E\kzF\Ƀhh6U\0\\u¨з3 \n\/\]ފ\_ڠ\N&\_۽xPє \0U`[dV\\*4;\`j\C+_\r_\V\nYY[q\C\oP$;U\|\Z\#\\@.eoeoeoea\=ȸ[\G\۫QD\]q:u|OA\ĵ\$\o\V\.0\\\M\\A02ttZ0\\<S򊕫\naA\Ad\`ouƔKX\\ZWȰ#ӄ7\nV\nVdC#TRՋ\yJ~+\zmԦHK\,C\\"\A\\a\Zu|\\rt\ҋ\'围\2\\\\\IM\hXLia\v\\POq)\քri\AǾP2r֨ \93<6\#0\'\\n\\\?uJl5\aR	Q\;3̨R,P?A\5\{\ևtP?\L\sv1<\[4p-锵UUYn^NGd\\*o\ yZ.\ZS1\|9k\/5\7̇\0Zy?\nd}A(\ENKjm\R[#\_CbrPlWe~\\~\Q\v@M۷E\W7\'%IP\j\%D\o:\0\7\)U\rЊi!i\a_`*\\W\z{e9\mg\;:FĠXeP2\uSV\-<\\\qJ)J#ޱ>r\'\'_(4\\\3|6#4G`(Rh)RjrA\Wp\v	Gh6	D>\H\rZ\Uۦ\`*\\i|K\Z)\\Z\0b\9\32:(疓ge	ݲ\r歐ͱUV\r՜ɪP.\(\\\4uZbA\r\r\"?t	2\\0U䨆\nFT\A\r2H[`;W\sA\lFU\Z,@_\i*0\?Upwj\\6\]V+uU^kt\o\)\5Z\t\4È\0,hN\lJ{]-/_X6*0OU\6\NTC7|\(U`-ռ{!-T\\Z$u\\~\8\\DD*t]\0\kEq\ߥȹF \*y)S*woBTD!Xz_\\\\n+\Z\Ì`\hW}P\nDdkG\0N\\T\\\\т/u\#&\T4P\E\N|N\\d\\\"{QG5\*\\܌L\~#P:}LIY𴰚Hr\2\8g\\bPE\\XKwi_m_碅\\S\9@\;Il;lEM\r\r\\].t\|w\rl5b=/\:\Z%\\;ޥ}\\w1+ST\*s德I\Ӓ \+j,rs\\\M\glʆb\S7w\T\\Zxz&^5tA\\jc;$\SX,A>\2_\}\\\l\\0JZC\>H<4\9O_\YE[y8N5L\{T\A+\\E\7]*L\gZ\'4\\U9UX@X:uz)N(\#vBGu\n;i]Li\04\\Nk\-\L[\\	\z\Ұ\569&	\\\"\#t:\T\S[\0M[\zu\r\v\0\l]&у\,SGM\\ZrEL\1mKxU\k\@\8rt\2\\'ԯD\\ߨJu\by!\BiPO*A\\\\i\\\\\T\t&;S:\q-993*\AJ\sZO\"XU+3Oe\nh7s;#=Q\JoFwSY}LiΉ\&E\0\"u\NtPt@\PpE\;\\0@\\\D2=f\\𵷰D\n*Q;橽eG>E\ET\">\D&MEJtT*q.\\>\S\"\=8Ts[R\n4\'\s+.gʠlޫxeGG\_+{P*NU\"\+\b\*B\n\n:9R\\}6*\\>ai\[`\`N\\6do\'W?\\lۀ9m*y<\!9\b\\v\GE\7\\yXS\~\LU\u\ꫲ\\\\^ˋ\q{./dd\"e4\leT\\\\5WW\\J\\\q{!Uu\\0(\0\0\0\0\0\0!1AQaq\ \0\\0\0?!>\>\0\l\\G\	]N1KCgЇԇQLܴ\a\rcSe\Oè}%\_7\'f\Ku*sR߆&ǝ\\)_JM\:_Y\"\\\-\\ǭ-Q)7u\\\iC\F)k\\,\L\D\emM\><\\Z\eV͏믢\?\eBa-嘑nq3\Da\Ԭ.\Ns\\W\\\AỴʇJ\1_\\Z\)%;\R\r=ƛ>\\3\gaP\C y0/Q\\0y`q\b\ۜ;+\#7יGo\aAxO=SG>eh\0940\38\%CfnRL\\'\gf&k0=\C,si~ေj%\\\Cԩl2\<LC1A`\ȳj\\3|=0\R\\S\n{;zj\\\0ʀ\S\0zB/\>\\0\\$pI̽\},)\u\Zz }P\0c\m0MK\Z\I]e0W2\7 \\0,V8i6\\L\0D&z.=g\\\ʾ\\n\+DEK,!&!^\9{|ABʩB\'p\\A=,{`a\3\1\r*8GL<#AfZ\RZ(կr\\\\rO(\pk/\dT͏=Ԭ\\̻\Fۿ\i\3\o߁lW{DV3*ʳ~\V԰\SUSBP%\j\ZqaAj\\R\\\TbX\>1 \G-Z\=}\5=3K\S1_@)<G\	\\cJł\aX}0\ᘼ\\1\rK=2\0\8@K\%L?3T\N[I+qaZf^vwĶ\\#\"u|Cr\B1˲U,J\2\09FV\ǙnO;G/\\U\!=O2\?\\	\02C/\C	\{tF˹r_3$%)\4MD\\\\\>\\+3AA>Ӊ6R\0qƉr\~Z#lhQ.]SB\\!Z\+\\r;hc)5#qf3R-&DR8S\\0e\㸈\\ޞa\4阳0W$!\f>6\^%\ ~f}Ȑ2ñĨP\HS	bţ1\I46Wr\%\\r<\/S_B\̕F򛩱F/S+%K\1r\;\*ʷRu0\re%AW\s\p,\\׻\1\\\b9喷\3>-*\b>3h\'#|Mއa1\\\\7v\\X]׏g\\AeM\7/\\\An\5V\Q-3\U6m]T⇸h1f!\\2sk6\_0:c[\\3\Fw\\\hX|\pug\#\)s0K\Z$\\Ԩf所A\R+#\_\fe<Di[\\n\2삵vc\\&\bW}	0tC\.\\b\]\p>0xA\5Y^\V\~Sq.\\if\\.\0rUբ\\_^Q:B\l9G~\37&(8\T\"\ńL>x\'{y<ͷ}K\jA\\+&:\^\bG*l-b\X8/0cfT\\s9i\\ɈC/\\'SN\)Iu\rZYY	L\.\7-S <\ҮW\FӋsG0ƀ[\	a;4q6\qc9ʱ4c\B\aKa1-<Y\|\\//Sa\\(x\n)\\K\\q?\B<P\C*?R(W&\66xLX@\F\{lg1\\}GS;\1\\y5)]a6\\\\ڎ\g\1`\\B4&\\6::ځq\\ZfLp\k!ܿ\*6\\w\\\ܰQ:\u7E\/I\Du\\`\Z\ψBLHO\mʡS\Ƭ0\\\uψTǢ\m\\㨬\\"\\\6K\ԊpdD̓\q8\)d\T&\\:\\3e\/ջ\v\el}2\\a3\ǫl\\\˚\̽v\Z\\\'%TG/\n@\\L\j\4\\5Je\KSI`a\rY^\T\5\*\\03{\\X\Ki\\-#Xzw0\r\hB\0\Enގ\\zԱ\%\">`\B\iS*ɐU\rg܉`栈ݼ#\Zq~x\\Y\m\n#Zx\Lƽhu.Ud75ٌX΂;>o\PyC\\!\Zm\W69]yp`(18`[.C5^f$W\&p\\0sViIGE诙O\0%\R\e|\8X\\Jcb\\\>MZ\6\\0_R\<\=Ba#\\"5z9\a\L\ysC1cȺo,YkYM8\\0^\j\2\/\\͑q]]㯈g\\Z\\6@8\\|\\\\m-X%MH\'>e[\H0\ZHsب|\\\a,\nem%\x\r\3(\\'j\\X=\,\,	 %\Q99\X\a.q\n0\\Z\5C\Z*!9\(!X<ʋI$B .uoPi\rC\P\\}A[\mGdGU~L07\\~3\+8ޢpr,[\(\([{2M.P\0%*3t>&{`\\\0i&)L8=\~\P{\0g\/sz,):K4\ċuxF\^b\Zܰ.w\3]<1Iqv>f \\'7U{p|\2\&T\Q8r\nR\|\'zn1\}Lu*W\0[\\#-<\\n\Zx0yazϬGKW/0TA,}-\G*U?Ѷ\\'mszGHek	l\?<\\\\(xJQm7[jYkX\sǮ!rd\9\\'a7W\wȃr&8y3&QXIBPM.D@$\dwB	8Rߙ}GZ\НTy D\*\\"ꡂqQ\\6u\\.\Z=f%R\	KT\s_̾ fˢ\\7\.\p\7\2!>Zy\A;f|\0G17E2\k7\0\u`,\\攇\X\?\\͘V Lּ\u\|԰\"\mF:]M\^HkOڕlc0*#.\N.wn\U!BZR\pGz\\e\ͨZw\Gg|[u\ZSA\\\\;\"r\~\0\0~B+\jQA\\n\E§\'N!\Jo\p\\\n\\7\#==lS\/Q\n\\\-I6EB#Z\0F\U)[\3q\9Ml<KC\\\ \YVqc01\N+U\Jt~`}KJVhwdjc_ܨT/\@R`\Ar\dQL\*WW\ayO/7\-c}\ys)q5XK4ǖ\f.\\2\55%9⑫\x37h\\2\\\'h\\Z\1Iw&UG=D2Z/6\0sƫ|\9]{fhZq9X\\MG\eτE\\3A\\\}=ׇ\\"\m\\'3.*\\6\}\0\sAn[o\i$6je(\Z?IB\#>X\KfEuq~\\,̈;\\A^O\8>,x ;,\\Wܷhh|ľX\\O&\"\\r\&1\I6OiXLST\\\Z\0\\`{fl10sH\0\yC@GR!m\5h65[5\2J\攱_07Sz\\4F\Zb\Z{![JË[838m\.S\x׉_\Q2\r\6\/\5zKa\\\q\OLL3\	3-</.?ԙ\	\AKx\Gd4\MWDz.~YM\)\y}@Z\aPG/r\\81SO1`\,\a>ɿ\\\.\0JX\Z˽a?I[+*~eTn\P\"\3ω^o\>\G\0\\\0\՜A\C)+~sx>\^U{0\5\Z1s\"V\pq(R\c\\0u1\/\O_)WP\\įi\j\'H>&:\\j\E\oܭ\\\0!Ow/G\\*!m2x$\zQ1z;2n}rQ\\n\C\^\\qhao\@@TTں\'p̧z:x\-=J\\Ő!\g8栻\Gs|wO;11xc\'p	}\\m9I\>Lmj5v/\əвma\gs; <F\\0\r!m%p7\<o/x_d\\.)]#ݕ\Re]@OHK\Ziܯ\\ooD \SJ|&dl=\;\\`\ߩtD\r\\(oHG?V{#\\0\0\0\0\0\0Q7x^qS\\r[\\6\O.\<g\	Ԟ|\0l\pmo\0|\\j N\\Q༻\"\\/	W+o\\\ydR\.w&	pE\<)%\0*~\Z\\\Z;i\\[=2\\'Y\\\.Eʨ.\B\\BJ\\nPm6r꬐Kpn^\I8ՇX\x\ɂf4`rr\Zls.ߟ\70\\P1\Wïr	2S9<\0\p\8\\p=0ojSFJ\%쥐4^jb\0\u\A`{\\0 \0\0\0\0\0\0\0\0!1AQa 0q\\0?\~9?Ђ]\\$t_~؈p\ʺ\\ǀᤋ,}\\!68fV9w6E\,.OAd\,\\c\,\:Om\\\bet \\A\g.}R2]4Nn\\\\K\';Gv\0\\\}c\\\G\\w\`Ag>7n\.3wtÁ\\ce=D11ߢu\Ν\6\\n\`ٟ+f\\\s\\K\0\\7Y\>ٴv\R\m=c~8\و%\\K\\\%\\D\s[$\\I\!m\6v:\O\K\bMWY6r\b\ڃ-M\l(Ʉ\'Ooeټl\ެ\0\۴f\\iɎ\c\\\\qCՙԻ\\v?ܒ/\\\\\\0wos\\w0B{[xg/\).\.@\t\u^:\2\d\ov\pQ`n{\\'yl\ =G\n\W\\n\\\ͳ8Ydo\\r2\rYZɅac<E\?,~_\\0 \0\0\0\0\0\0\0\0!1AQaq0\\0?\__WW\\|	r]ݳ>}OXO}l\+`>D\\"\\2\/\v\Rr:\VC5\}\\HŚ[&\NZہ\q\"\\\IuZj\mvt9/ՃEk>Zv\0^ܜlcmd\-\|>I\B\Z|+Ae\\v^6\\\F7S\,]Kz\gρHÓ\nA\Ȭ蓻e#Od\'dZZrf\]YD],\Z\8{·Xې\Ak\C>\'l:\ǳ\A4e\/헨aaZ߯7Fzdr\P<${`x_vJl\\c̿\g{>e\H:E`^^\ \#>/\'\й}-{\\\#nlI\\\\'H\\Z=\]y<{5\sYm\!\O\ý&<.\ \\\b\\#ρ\\\n\aY&)iKBN\^8SI߆-ަA\}_\\kG\;\\#1\\\ϲ߻GvW\\ONnF=rV\\̺B\\<F>6mO\<0\/ޗl\\	#\>Ҿҷ\Roaosmo\\0\'\0\0\0\0\0\0!1AQaq\\ \\0\0?Wr+=a\"v@n`fd_\T\?Xr\D\\q\V%N\0W\\0\\0\\*\Z!+?OH\⥩\g*.p2\R\2\ХI!g\\\SI\Lr(!<\D\T\qAQ9_cD%\\ A9\0\S/\3ѯA\*?\\9sQ+\ۯ\\Z\	\C)\\\i\\za\$V2\s\\\Q\\c\(\_c\Z[\\\\G\\ZԺ/\08\\>\"\"u5@\	\~R/+\\-@\\LMR\Ձ\%|\=\*WL>N/\\PLlY]U\͵[\\rH(9\r[\:r\\\GT\D|\߼[c\%\\\i\\\\hv̹1\0l::@~YAexJy[\ }\9@H\\\\rBG\*\r9\i~X;[}XV\K\a\n\棘i\0\@Q\\nRHl{\%\rm#sw0\1`̬5\\O`\\6GOG\^V3L8\`؍4	\Z~vʿYR;E$cC\Rr\\Hį\n\n\m,/oEg\"\in(\'6c\9\go>e\\#$\\+\4A	\v\?*\|	\+\\~?9uyb𘘃1\\D͸\į\\\%@\Z.\CJ9y\ۑlP.k@xq\0He+#ܺ\n=0PІB>:\\b\t=b\di_<%\nXߏV #\\\\N~\1\<*|1<J-<{n*\\\`\\\LLFFMˊr\mluX*ck\\BW\5M@xxe´o\I՗Y\]}#Ce\*\/\ZE\{Dn:~zCp\0\0Z\,ʔ\'\	zL\\\\p\ \1ӈk~ \V@4폣ϴ\1Op\ś\\\lMp 0o}#͊CR\\a\\KS`J{NciX}.4c508,APCV\f\ٳ8c 12ʲIJ\\'\.P\rZ\[v.2\\JX\aġ[C\\CUg\\47\\8Q4vBT\F\\j4mz\\CptK\x(a`wa72	%~O~`#@\¼\\\\?XƪTLٍwJm\栎n\̃ʔ\0\"siYyѪ\\n~\4Vp\\rfEO=\V[˸\ʖ\PH=n\\J\\nn!̩UgCG\\Z,U\L^%V\`vՕ\0~Q\\\r\_\,+n﬩d/!AP2@]\̶g\UKMc|\~c\r\܆%\\\<a\\Gy^-;r)\!\\cdڀ/R-\\\\\Z(UdT\(@Dc\\Zx\z\R\Nj<q\\jV<\B#u\r^,^%2HRll\J\B\\?\D	\\T9\~!\Q3-cYN_v1hJeK\v\ݒJb/\Hz\\*`v\|\#^\Plt\k_{@\ϼPdf\O\}\T>v}*1\Z\\]M}c2\n\&\⑄éH+\Lc\?\\\4kGOc3`\\r.\\i`\#\^\\4(G,R@L5ǈBA\얚<\\AJq\\>Y\ŝ\w.bq\Ux?\~`\Y\d\ua\UOT>|2\\Ƨ\\oy\0^ˣ9cI/][pc\\]\'$\VQK\RWj+)%\-?޿#?p\\\y>{n\\k\\\#DQ+\yP!<uQ\E\#+&]\ZyɉLTta\\M\bv{O\\0\W,J&R\Z!\\0w\N\ⷔz\\O~a\@\,a%71g\/p.kDy\rפɣw.F*-\	\_M\k@<T`.u\Z7bs,b\"a\u\|\\Fjfԋ{\4b;E\r--\\CV\\z\W֫i\U\`x\"T\+\\"\S\\@\0w(\\P\\nHj\0\CY}\0mLI\8%\\ٺB\UQB@_EV\\܎U\\m\'g\֯ \#LXlvѶ1\fy|?XKū|\$,v\:\QG$G\İ .W{	^\'J\0Ֆ6\@cEt6K\\'p?f^V\nX\"\+?\TLz\Bhq\x̯\ ל0]\rJSK^ʡm5\Z\p\\؅KV\O(\/\Z8`\'.ZIY]\v\0\':w)o	`\K\\\\撏IEX\;K*av}xW\-Z\\\\,w\<O\uH}KWȏ&\EqM琿;%hWhq9i\Z\rl{@j\J޸\\lr\/\@B|\9\r\pUd[\\r\\\\ӟ1\=+\KM\\¼L.\0Pfz0dQ\`A\f \a;aK͸+h+\0\Z\\r\1L4bƩѫ\c!E\\r{A\\ݵ\7L#JsV5(1EjU7\\nڌ\\[<\D]V7\0HO#\Fhw\,+\\T\\"\"9k\ZRW\S\"r\\01φ+WdWO\k\D)G\r8\C4¹~%Kpd\\7rbjg`ۈE\s4mr~!\+՛R\\SJ(h1N\\\,1\75\p\\#\\\nrϘ+ԮF#1\-:w1MJL\Z̳\n=;TF\\9\A\\ \eH\\PRէ\Zw\_\.\\=!(-\1L\,UYK\[\+\¼%o}jVb:er\iK-\\\lBe\%I(U\1	iħycC\TX؜fq\0\ZGkfVEG\ Ko`Zz\oU\3X줈yH\0#ƍ>aY`EY\"Ȭ\\\˴ a8]N\\\\(v\jXAT,6,\@z2U=b4/s\R_md\ZY_\\^\n_jYe\\\Δ(,ł7%Q\PY,pP\:f!@;_\z!FU`\\B5ţ\_x\5@\T7}[~\AQt#Io3\n\\\P_\+2ꌬ^ŮͩWҘ\W	@\fS\T\n\)\ы\rVZe	7KAh/P\\F\Z\\:)6\n\\*b\&1[\\x;GEǸZ\\,+\!)\e#\0\I\\7\J\wTi\\ǴCΏf\UC[\ߑ\\K)\\;\Z&\p,	LD9!.\r\\U\\\nKn\ 1\\%Ҙ`\\"\½gxT6}R \0\%2]4~\)TN!W\rCA~\\S_?\W^o8%5q\\2\?	=\Z\IHr\cy>nUy}u.nԲ\\\npv\\i\bX[\15ڿh\\0ˎW6}!*&r\rӘu\~D!:Ry\\\-\\\f[&\̠g\j\\>`QD4!N+\pӎ\56˦ǟ\ԁEo9=sN\\\-ۡ>.[\\"~\`(;x\Q\>`D\\kk\Q.\\0Toؘb\\\\S\g\"Pr\#kP\u\\ \qXJOX5c9^b:\\W\Lg&.b\H\r\bTɲ\,\ʛ#\H\"Y\\Uw4VOm}X9J\\u\\\\\\0`S\0-*Hư1e\:j7[<\\V3o\Z;	*\w`()\\ PkOX?\\B\6|\\@5R\\Z \zE7S{+	_u\\0p\z:j\\0Ky\\\_Gtj5N\r\r\H:\Nu,7	eOx\a\\\0 h\ԤwȜԸR\QE\0Nt[	\Y\Uԕ\p\w`,7v\TVaZf\m\8k\\^w6q)\\e\r2\Z\7\r0J펇\JT\ǀ@8j}\VYe\\\d-FrrN\VZ%Ex4\\\V^ib\9Aǈ<]\.\:5Cj~YwP\e\\\ã~fڻ\.0:\r#n@TjWhq,JG\\rY\ i+Oҙ\Z@\.\r\\nZyZ\ǝ\\hqC˱e\Z\\q\	r1no0\q\^\^>!Mx\1P\\0IE\P4}4Z_@\Z3\0c	X\\\U2G<\\n\ZGw\2\u\\)u5VQHf\i\ԉt)o>\\unŊ\[lzRf\U_km5P\_1u`\r\0[Ϭ1\9p\@\\0yI5L4/JT#-u[a\!\ms\0vŝ\u\\SjX[{\t\\[_kg=\a\\\oH=\'ܔnl\OI\\Z*j\`s\0x\\ं^Zޯqn}߬\r\^\\\vV9\\\aHm\VG\	\\.Rޮ\e\'\n\HcwXa\G|}\\\Zj\.%k+9Ȭ\qr\\sER\@Uk\\ˀ9\UKʰ w,/Ņh59Vd\P@u=i1!-XzP\܀\\Ϩ{B3$!*\^Xo.&[hFA^(\f\0s[\"ru`\\\\\\\ XD \U\@\Zyˌ\rڏ\\=!^k\S#06ve\0*\0%\rR\&Av5\1z\n	\pu= j9/\ZA`h_a}\G*F[~H>Ǔq*7N\E\lCͰ\'.\\zn?p6ƩbTnP\\\"\nn@|G/ח\HmJ,\Ɣ`|ʞz{a`\n\d8\\qv?X1ޠ+\#Uvo3hw\\rHj\"PX}Ԋ))\\gG\=@K\\\\\+\0n`1}g\`{\n+BY ]qFechQh8\K^C\CkWpo\\p\E-M\4]	\y1h۷↲C\\\\_R+^\	\WW\3`\\n8|qT$P*F$\#c`\Z\`R\_gH\qK\xP$Qd\\Z^1\ޮ\&XL̜\6w^c a^Pj/\\>\[+\F\0\\\BN\"\\\+\W7r=%a\_\5fQ.S\lUSBʊ]j\O_J^˵Qb\8̈́G\lw:\o:e\\\=*+7t/\&C4ɐ\"\j6)C1fh%\r\si`/:\]\n88c\-U\f\0R00Q6rxsF<\Pxէ\nY\#y\6*ƯixPh(\\60\ֳp8\A\|\ZrQbPt\}p\pAr*t\0bkV\\̺\\\o`!n\\\ZTt\ɘ5ѵeW2ևC):rÞywX\@\"fwO5Ѽ3ƀ\\\\_\`eWe\z\ 6\\u#k@+^j\=UYe[`>Qt\/E\&\\0\EAu6S}\.T\f\]\-\|K/\"\+\\Ac\n\ZҖ87\nGj\\\*e\lLE\Z\\'V5\\ܷt.S|wj\n\t\,bCJc?\b\\;;\\kl*\ǧ\w̱\Z\ԪSkR\3\ٷ\m_\r>ҋ\ZO\vy\Ҳxj\0/3%ked\\\\\1\\n2~XdnP\LW\>b\nQ$Tr|\j2^⢀\y\i@m\QH+C\+9Ĥ\I/W\\}.i=4ʖ4pekGK!^bi쫯N=\xĦ\P%uh,\\0\Uf\ò}?\;g:\؀dB\Kr6uu\d\\\Z\e\R\\U\0N5Fu!\\z2֭MP=4\na&(ydǈy\\kX=\:۲\>j;(\qϛ@*\~_h>\t \\\\'$[]Pf \0b,&\'Xv\0}U\VuW~Yw/QI(\yP\\\?B)&\B\}!e`\\Y+_\\=`\rwF`jU\\t\Ζ\]\NH\\\I;3L\\\\\\"\0X],\bz\"^<R׋@\n`\f\\Zlϧ_K-JW\mӯT\V3\\\)peG5\-O\K\0%\0\'_o\j\W\n\nwn؏˔20-yÈ6BmS3N\E7A~\\\c\,\\\>#\\gAfء6\\γy\b\Tb8\\+Q\\\(\\]ȵ[G޼Ng%/qƈ\~\\\dH,\rpmo9#<Nk\0F\\	Z\Y\\R(pH>^X\1k\U+ȻO#\\\\0\?\ԍeдV=\ҴrJlN\:RZ\2\\\@w\Z\\0\>lT\\PDb\@\H\\\X\\B@m\4>ҝ\r\ukK#UP\\@	xY%\\r}\~,\'^T<\2ɜ\Wp70\nE;AdW\5\r\r\\Zψ\`\ZK\\/zo/g\\2	a6K\r@\\r2E#%\Ek\0\K~{pR03\0I\xSX\G\B\\P{]\]@NSB\|b\k\k\0i8_|\o\¼F3vZ=\*\W\0h8昣\'_aZ\/4\gؙ\Fh\0dSS\Zy\q0d\Qx\eU\"\\nO_\>v7*+јms]iWoǩ)\VG\ykMPKb_6%\"u\\\ܥG+xb(=q\m*Y+x\F:\Jiy<>\"!7\3\IO\\XYn4i\Ř\T\T,8*.n\Y-h\akV)U\s5,@tDš\\!62֦\\n\\\0-0hL|\0p&%l\XR$-Q;re\0\qmQ\\=p~A^%`\xrM\Z]@Un2i8@޸\SMU\01hبwW\r\\\0S@^\e\Z\?z\r\\0N-b0]Y@b\\\\X\4,.gŢN\@%Ǧ\]՗W\\\0K\U\Z%r0p\\d\\\0V\~0\- Մ\\\.\Ԃ(sS^uƠ\V\嗥e\Ǚaݓ\rU\R\\GYY`\ZP\e:0\\c\07\KUz\4\W\!Bmș(l0\g v\L[\,EY|\\ZYˉpo\ዜƗL\\QC_\qpT͝JpM\J\/wAo2\ b}\\Nֻ0QC5\~X\06\\Egf8wcTljp\[O?fnA\\y\b,\0\e3	馼UzC5hmYT\XkMs\(w\`sx;\h\QTXl\\\P\\\	m\H\1\/&?\i\\(V-Ůjx,P*%o,Qd,	AB/\n7ӿ\\\ʎ\lǤL\\0x!Z)~<A7`S#\@>`\\00Hq}!Q|{FP}#\&3U׉\\K|E[5Ԣ\rz\\',11,'El Salvador','San Salvador','Rompiendola como siempre'),(19,'Grecia Maria ','gre@gre.com','76684337',NULL,NULL,27,'El Salvador','San Salvador','La mera mera '),(20,'Gabriela Lopez','gaby@gaby.com','76684337',NULL,NULL,28,'El Salvador','San Salvador','agaeg'),(21,'Brayan el bajista','bra@bra.com','76684337',NULL,NULL,32,'El Salvador','San Salvador','sdgserger');
/*!40000 ALTER TABLE `emprendedor` ENABLE KEYS */;
UNLOCK TABLES;

--
-- Table structure for table `emprendimiento`
--

DROP TABLE IF EXISTS `emprendimiento`;
/*!40101 SET @saved_cs_client     = @@character_set_client */;
/*!50503 SET character_set_client = utf8mb4 */;
CREATE TABLE `emprendimiento` (
  `id` int NOT NULL AUTO_INCREMENT,
  `estado` varchar(45) NOT NULL COMMENT '"Huevo", "Pez dorado", "Tiburon"',
  `descripcion` varchar(500) NOT NULL,
  `historia` varchar(500) NOT NULL,
  `eslogan` varchar(500) NOT NULL,
  `inversion_inicial` double NOT NULL,
  `fecha_fundacion` date NOT NULL,
  `venta_año_anterior` double NOT NULL,
  `oferta_porcentaje` double NOT NULL,
  `id_emprendedor` int NOT NULL,
  `nombre` varchar(100) NOT NULL,
  `nombre_foto` varchar(300) DEFAULT NULL,
  `foto` longblob,
  `video` varchar(900) DEFAULT NULL,
  PRIMARY KEY (`id`),
  KEY `id_emprendedor_idx` (`id_emprendedor`),
  CONSTRAINT `fk_emprendimiento_emprendedor1` FOREIGN KEY (`id_emprendedor`) REFERENCES `emprendedor` (`id`)
) ENGINE=InnoDB AUTO_INCREMENT=6 DEFAULT CHARSET=utf8;
/*!40101 SET character_set_client = @saved_cs_client */;

--
-- Dumping data for table `emprendimiento`
--

LOCK TABLES `emprendimiento` WRITE;
/*!40000 ALTER TABLE `emprendimiento` DISABLE KEYS */;
INSERT INTO `emprendimiento` VALUES (1,'tiburon','Canción','Mientras me bañaba tuve una iluminación','No tengo dinero ni nada que dar',0,'1971-07-28',1.234578912345679e16,0.3,6,'Alma Jóven',NULL,NULL,NULL),(2,'Huevo','Somos four','Cuando se salió Zayn','Four',5218.22,'2020-07-28',500,0.56,8,'Four',NULL,NULL,NULL),(3,'Huevo','eargag','aerger','shtrhh',12314,'2020-07-08',123,11,19,'shsth',NULL,NULL,NULL),(4,'Huevo','gear','eargeag','dafgare',123,'2020-08-03',123214,12,20,'agae',NULL,NULL,NULL),(5,'Huevo','aerg','aegr','adfg',120434,'2020-07-29',123,12,21,'asdgaf',NULL,NULL,NULL);
/*!40000 ALTER TABLE `emprendimiento` ENABLE KEYS */;
UNLOCK TABLES;

--
-- Table structure for table `especialidad`
--

DROP TABLE IF EXISTS `especialidad`;
/*!40101 SET @saved_cs_client     = @@character_set_client */;
/*!50503 SET character_set_client = utf8mb4 */;
CREATE TABLE `especialidad` (
  `id` int NOT NULL AUTO_INCREMENT,
  `id_emprendimiento` int NOT NULL,
  `id_categoria` int NOT NULL,
  PRIMARY KEY (`id`),
  KEY `fk_especialidad_emprendimiento1_idx` (`id_emprendimiento`),
  KEY `fk_especialidad_categoria1_idx` (`id_categoria`),
  CONSTRAINT `fk_especialidad_categoria1` FOREIGN KEY (`id_categoria`) REFERENCES `categoria` (`id`),
  CONSTRAINT `fk_especialidad_emprendimiento1` FOREIGN KEY (`id_emprendimiento`) REFERENCES `emprendimiento` (`id`)
) ENGINE=InnoDB AUTO_INCREMENT=4 DEFAULT CHARSET=utf8;
/*!40101 SET character_set_client = @saved_cs_client */;

--
-- Dumping data for table `especialidad`
--

LOCK TABLES `especialidad` WRITE;
/*!40000 ALTER TABLE `especialidad` DISABLE KEYS */;
INSERT INTO `especialidad` VALUES (1,1,1),(2,2,2),(3,2,10);
/*!40000 ALTER TABLE `especialidad` ENABLE KEYS */;
UNLOCK TABLES;

--
-- Table structure for table `fundador`
--

DROP TABLE IF EXISTS `fundador`;
/*!40101 SET @saved_cs_client     = @@character_set_client */;
/*!50503 SET character_set_client = utf8mb4 */;
CREATE TABLE `fundador` (
  `id` int NOT NULL AUTO_INCREMENT,
  `id_emprendedor` int NOT NULL,
  `id_emprendimiento` int NOT NULL,
  PRIMARY KEY (`id`),
  KEY `fk_fundador_emprendedor1_idx` (`id_emprendedor`),
  KEY `fk_fundador_emprendimiento1_idx` (`id_emprendimiento`),
  CONSTRAINT `fk_fundador_emprendedor1` FOREIGN KEY (`id_emprendedor`) REFERENCES `emprendedor` (`id`),
  CONSTRAINT `fk_fundador_emprendimiento1` FOREIGN KEY (`id_emprendimiento`) REFERENCES `emprendimiento` (`id`)
) ENGINE=InnoDB DEFAULT CHARSET=utf8mb4 COLLATE=utf8mb4_0900_ai_ci;
/*!40101 SET character_set_client = @saved_cs_client */;

--
-- Dumping data for table `fundador`
--

LOCK TABLES `fundador` WRITE;
/*!40000 ALTER TABLE `fundador` DISABLE KEYS */;
/*!40000 ALTER TABLE `fundador` ENABLE KEYS */;
UNLOCK TABLES;

--
-- Table structure for table `guardado`
--

DROP TABLE IF EXISTS `guardado`;
/*!40101 SET @saved_cs_client     = @@character_set_client */;
/*!50503 SET character_set_client = utf8mb4 */;
CREATE TABLE `guardado` (
  `id` int NOT NULL AUTO_INCREMENT,
  `id_inversionista` int NOT NULL,
  `id_producto` int NOT NULL,
  PRIMARY KEY (`id`),
  KEY `fk_guardado_inversionista1_idx` (`id_inversionista`),
  KEY `fk_guardado_productos1_idx` (`id_producto`),
  CONSTRAINT `fk_guardado_inversionista1` FOREIGN KEY (`id_inversionista`) REFERENCES `inversionista` (`id`),
  CONSTRAINT `fk_guardado_productos1` FOREIGN KEY (`id_producto`) REFERENCES `productos` (`id`)
) ENGINE=InnoDB AUTO_INCREMENT=3 DEFAULT CHARSET=utf8;
/*!40101 SET character_set_client = @saved_cs_client */;

--
-- Dumping data for table `guardado`
--

LOCK TABLES `guardado` WRITE;
/*!40000 ALTER TABLE `guardado` DISABLE KEYS */;
/*!40000 ALTER TABLE `guardado` ENABLE KEYS */;
UNLOCK TABLES;

--
-- Table structure for table `historial`
--

DROP TABLE IF EXISTS `historial`;
/*!40101 SET @saved_cs_client     = @@character_set_client */;
/*!50503 SET character_set_client = utf8mb4 */;
CREATE TABLE `historial` (
  `id` int NOT NULL AUTO_INCREMENT,
  `especificaciones` varchar(500) NOT NULL,
  `oferta` double NOT NULL,
  `porcentaje` double NOT NULL,
  `fecha` date NOT NULL,
  `id_emprendimiento` int NOT NULL,
  `id_inversionista` int NOT NULL,
  PRIMARY KEY (`id`),
  KEY `fk_historial_emprendimiento1_idx` (`id_emprendimiento`),
  KEY `fk_historial_inversionista1_idx` (`id_inversionista`),
  CONSTRAINT `fk_historial_emprendimiento1` FOREIGN KEY (`id_emprendimiento`) REFERENCES `emprendimiento` (`id`),
  CONSTRAINT `fk_historial_inversionista1` FOREIGN KEY (`id_inversionista`) REFERENCES `inversionista` (`id`)
) ENGINE=InnoDB DEFAULT CHARSET=utf8;
/*!40101 SET character_set_client = @saved_cs_client */;

--
-- Dumping data for table `historial`
--

LOCK TABLES `historial` WRITE;
/*!40000 ALTER TABLE `historial` DISABLE KEYS */;
/*!40000 ALTER TABLE `historial` ENABLE KEYS */;
UNLOCK TABLES;

--
-- Table structure for table `interes`
--

DROP TABLE IF EXISTS `interes`;
/*!40101 SET @saved_cs_client     = @@character_set_client */;
/*!50503 SET character_set_client = utf8mb4 */;
CREATE TABLE `interes` (
  `id` int NOT NULL AUTO_INCREMENT,
  `id_inversionista` int NOT NULL,
  `id_categoria` int NOT NULL,
  PRIMARY KEY (`id`),
  KEY `fk_interes_inversionista1_idx` (`id_inversionista`),
  KEY `fk_interes_categoria1_idx` (`id_categoria`),
  CONSTRAINT `fk_interes_categoria1` FOREIGN KEY (`id_categoria`) REFERENCES `categoria` (`id`),
  CONSTRAINT `fk_interes_inversionista1` FOREIGN KEY (`id_inversionista`) REFERENCES `inversionista` (`id`)
) ENGINE=InnoDB AUTO_INCREMENT=33 DEFAULT CHARSET=utf8;
/*!40101 SET character_set_client = @saved_cs_client */;

--
-- Dumping data for table `interes`
--

LOCK TABLES `interes` WRITE;
/*!40000 ALTER TABLE `interes` DISABLE KEYS */;
INSERT INTO `interes` VALUES (1,1,1),(2,1,4),(3,1,8),(4,2,1),(5,2,2),(6,2,3),(7,2,9),(8,3,4),(9,3,5),(10,3,6),(11,3,11),(12,5,3),(13,5,8),(14,5,11),(15,6,3),(16,6,4),(17,6,5),(18,7,1),(19,7,6),(20,7,9),(21,8,2),(22,8,3),(23,8,7),(24,9,2),(25,9,6),(26,9,8),(27,10,2),(28,10,4),(29,10,7),(30,11,2),(31,11,6),(32,11,9);
/*!40000 ALTER TABLE `interes` ENABLE KEYS */;
UNLOCK TABLES;

--
-- Table structure for table `inversionista`
--

DROP TABLE IF EXISTS `inversionista`;
/*!40101 SET @saved_cs_client     = @@character_set_client */;
/*!50503 SET character_set_client = utf8mb4 */;
CREATE TABLE `inversionista` (
  `id` int NOT NULL AUTO_INCREMENT,
  `nombre` varchar(100) NOT NULL,
  `biografia` varchar(200) NOT NULL,
  `email` varchar(150) NOT NULL,
  `tipo` tinyint DEFAULT NULL COMMENT '"1-Individuo", "2-Empresa"',
  `id_usuario` int NOT NULL,
  `pais` varchar(100) NOT NULL,
  `ciudad` varchar(100) NOT NULL,
  `foto` longblob,
  `nombre_foto` varchar(300) DEFAULT NULL,
  PRIMARY KEY (`id`),
  KEY `fk_inversionista_usuario1_idx` (`id_usuario`),
  CONSTRAINT `fk_inversionista_usuario1` FOREIGN KEY (`id_usuario`) REFERENCES `usuario` (`id`)
) ENGINE=InnoDB AUTO_INCREMENT=12 DEFAULT CHARSET=utf8;
/*!40101 SET character_set_client = @saved_cs_client */;

--
-- Dumping data for table `inversionista`
--

LOCK TABLES `inversionista` WRITE;
/*!40000 ALTER TABLE `inversionista` DISABLE KEYS */;
INSERT INTO `inversionista` VALUES (1,'Mark Cuban','Dueño de los Dallas Maveriks','mark@$$.com',0,1,'','',NULL,NULL),(2,'Lori Greiner','Mi patrimonio es de 70 millones ;)','lori@baby.com',0,2,'','',NULL,NULL),(3,'Grupo Poma','Millonarios ','poma@gmail.com',1,7,'El Salvador','San Salvador',NULL,NULL),(4,'Grupo Poma','Millonarios ','poma@gmail.com',1,7,'El Salvador','San Salvador',NULL,NULL),(5,'Inversores s.a de s.v','Grupo millonario','invii@gmail.com',1,10,'Mexico','Veracruz',NULL,NULL),(6,'Macro','Macri is life','macro@gmail.com',2,18,'Lituania','Belgrado',NULL,NULL),(7,'Totto Ito','Vendemos mochilas','TottoIto@gmail.com',NULL,21,'El Salvador','Usu',NULL,NULL),(8,'Melanie Peña','Soy el torito del mundo','mel@mel.com',NULL,25,'El Salvador','San Salvador',NULL,NULL),(9,'Maribel de Lopez','agaeg','mariltraducciones@gmail.com',NULL,29,'El Salvador','San Salvador',NULL,NULL),(10,'Pablo Mate','sgsergh','pablo@pablo.com',NULL,30,'El Salvador','San Salvador',NULL,NULL),(11,'Guillermo López','ggerh','gui@gui.com',NULL,31,'El Salvador','San Salvador',NULL,NULL);
/*!40000 ALTER TABLE `inversionista` ENABLE KEYS */;
UNLOCK TABLES;

--
-- Table structure for table `notificaciones`
--

DROP TABLE IF EXISTS `notificaciones`;
/*!40101 SET @saved_cs_client     = @@character_set_client */;
/*!50503 SET character_set_client = utf8mb4 */;
CREATE TABLE `notificaciones` (
  `idnotificaciones` int NOT NULL AUTO_INCREMENT,
  `mensaje` varchar(200) NOT NULL,
  `id_emprendedor` int NOT NULL,
  PRIMARY KEY (`idnotificaciones`),
  KEY `fk_notificaciones_emprendedor1_idx` (`id_emprendedor`),
  CONSTRAINT `fk_notificaciones_emprendedor1` FOREIGN KEY (`id_emprendedor`) REFERENCES `emprendedor` (`id`)
) ENGINE=InnoDB DEFAULT CHARSET=utf8mb4 COLLATE=utf8mb4_0900_ai_ci;
/*!40101 SET character_set_client = @saved_cs_client */;

--
-- Dumping data for table `notificaciones`
--

LOCK TABLES `notificaciones` WRITE;
/*!40000 ALTER TABLE `notificaciones` DISABLE KEYS */;
/*!40000 ALTER TABLE `notificaciones` ENABLE KEYS */;
UNLOCK TABLES;

--
-- Table structure for table `productos`
--

DROP TABLE IF EXISTS `productos`;
/*!40101 SET @saved_cs_client     = @@character_set_client */;
/*!50503 SET character_set_client = utf8mb4 */;
CREATE TABLE `productos` (
  `id` int NOT NULL AUTO_INCREMENT,
  `nombre` varchar(100) NOT NULL,
  `nombre_foto` varchar(300) DEFAULT NULL,
  `foto` longblob,
  `descripcion` varchar(300) NOT NULL,
  `costo_unitario` double NOT NULL,
  `precio_venta` double NOT NULL,
  `patente` tinyint NOT NULL,
  `id_emprendimiento` int NOT NULL,
  PRIMARY KEY (`id`),
  KEY `fk_productost_emprendimiento1_idx` (`id_emprendimiento`),
  CONSTRAINT `fk_productost_emprendimiento1` FOREIGN KEY (`id_emprendimiento`) REFERENCES `emprendimiento` (`id`)
) ENGINE=InnoDB DEFAULT CHARSET=utf8;
/*!40101 SET character_set_client = @saved_cs_client */;

--
-- Dumping data for table `productos`
--

LOCK TABLES `productos` WRITE;
/*!40000 ALTER TABLE `productos` DISABLE KEYS */;
/*!40000 ALTER TABLE `productos` ENABLE KEYS */;
UNLOCK TABLES;

--
-- Table structure for table `reaccion`
--

DROP TABLE IF EXISTS `reaccion`;
/*!40101 SET @saved_cs_client     = @@character_set_client */;
/*!50503 SET character_set_client = utf8mb4 */;
CREATE TABLE `reaccion` (
  `id` int NOT NULL AUTO_INCREMENT,
  `numero` int NOT NULL,
  `id_producto` int NOT NULL,
  PRIMARY KEY (`id`),
  KEY `fk_reaccion_productos1_idx` (`id_producto`),
  CONSTRAINT `fk_reaccion_producto1` FOREIGN KEY (`id_producto`) REFERENCES `productos` (`id`)
) ENGINE=InnoDB AUTO_INCREMENT=3 DEFAULT CHARSET=utf8;
/*!40101 SET character_set_client = @saved_cs_client */;

--
-- Dumping data for table `reaccion`
--

LOCK TABLES `reaccion` WRITE;
/*!40000 ALTER TABLE `reaccion` DISABLE KEYS */;
/*!40000 ALTER TABLE `reaccion` ENABLE KEYS */;
UNLOCK TABLES;

--
-- Table structure for table `usuario`
--

DROP TABLE IF EXISTS `usuario`;
/*!40101 SET @saved_cs_client     = @@character_set_client */;
/*!50503 SET character_set_client = utf8mb4 */;
CREATE TABLE `usuario` (
  `id` int NOT NULL AUTO_INCREMENT,
  `usuario` varchar(100) NOT NULL,
  `password` varchar(100) NOT NULL,
  `rol` tinyint NOT NULL COMMENT '"1-admin","2-inversionista", "3-emprendedor"',
  PRIMARY KEY (`id`)
) ENGINE=InnoDB AUTO_INCREMENT=33 DEFAULT CHARSET=utf8;
/*!40101 SET character_set_client = @saved_cs_client */;

--
-- Dumping data for table `usuario`
--

LOCK TABLES `usuario` WRITE;
/*!40000 ALTER TABLE `usuario` DISABLE KEYS */;
INSERT INTO `usuario` VALUES (1,'markcubar','12345',2),(2,'lorigreiner','lori90',2),(3,'pupusasmary','pupas123',3),(4,'crown','beautycrown123',3),(5,'admin1','admin123',1),(6,'LorenaG','laLorena',2),(7,'PomaG','roble',2),(8,'PomaG','roble',2),(9,'PomaG','roble',2),(10,'invi','invi12345',2),(11,'LaPao','12345',3),(12,'Chema','chema12345',3),(13,'Chema','chema12345',3),(14,'Chema','chema12345',3),(15,'Chema','chema12345',3),(16,'Glit','123gln',3),(17,'Glit','123gln',3),(18,'macro','macro',2),(19,'PomaG','prueba',3),(20,'BonCo','1234578',3),(21,'TottoIto','12345',2),(22,'JuanGa','12345',3),(23,'FedeLorca','1234578',3),(24,'Los1D','164970',3),(25,'ToritoMel','12345',2),(26,'chejitoGuapo123','12345',3),(27,'GreMaria','12345',3),(28,'gabuxi','1234',3),(29,'mariLopez','12345',2),(30,'pabloMate','12345',2),(31,'guille','12345',2),(32,'chivobeard','12345',3);
/*!40000 ALTER TABLE `usuario` ENABLE KEYS */;
UNLOCK TABLES;
/*!40103 SET TIME_ZONE=@OLD_TIME_ZONE */;

/*!40101 SET SQL_MODE=@OLD_SQL_MODE */;
/*!40014 SET FOREIGN_KEY_CHECKS=@OLD_FOREIGN_KEY_CHECKS */;
/*!40014 SET UNIQUE_CHECKS=@OLD_UNIQUE_CHECKS */;
/*!40101 SET CHARACTER_SET_CLIENT=@OLD_CHARACTER_SET_CLIENT */;
/*!40101 SET CHARACTER_SET_RESULTS=@OLD_CHARACTER_SET_RESULTS */;
/*!40101 SET COLLATION_CONNECTION=@OLD_COLLATION_CONNECTION */;
/*!40111 SET SQL_NOTES=@OLD_SQL_NOTES */;

-- Dump completed on 2020-08-03 12:41:54
