CREATE DATABASE  IF NOT EXISTS `fishingdb` /*!40100 DEFAULT CHARACTER SET utf8mb4 COLLATE utf8mb4_0900_ai_ci */ /*!80016 DEFAULT ENCRYPTION='N' */;
USE `fishingdb`;
-- MySQL dump 10.13  Distrib 8.0.19, for Win64 (x86_64)
--
-- Host: localhost    Database: fishingdb
-- ------------------------------------------------------
-- Server version	8.0.19

/*!40101 SET @OLD_CHARACTER_SET_CLIENT=@@CHARACTER_SET_CLIENT */;
/*!40101 SET @OLD_CHARACTER_SET_RESULTS=@@CHARACTER_SET_RESULTS */;
/*!40101 SET @OLD_COLLATION_CONNECTION=@@COLLATION_CONNECTION */;
/*!50503 SET NAMES utf8 */;
/*!40103 SET @OLD_TIME_ZONE=@@TIME_ZONE */;
/*!40103 SET TIME_ZONE='+00:00' */;
/*!40014 SET @OLD_UNIQUE_CHECKS=@@UNIQUE_CHECKS, UNIQUE_CHECKS=0 */;
/*!40014 SET @OLD_FOREIGN_KEY_CHECKS=@@FOREIGN_KEY_CHECKS, FOREIGN_KEY_CHECKS=0 */;
/*!40101 SET @OLD_SQL_MODE=@@SQL_MODE, SQL_MODE='NO_AUTO_VALUE_ON_ZERO' */;
/*!40111 SET @OLD_SQL_NOTES=@@SQL_NOTES, SQL_NOTES=0 */;

--
-- Table structure for table `categoria`
--

DROP TABLE IF EXISTS `categoria`;
/*!40101 SET @saved_cs_client     = @@character_set_client */;
/*!50503 SET character_set_client = utf8mb4 */;
CREATE TABLE `categoria` (
  `id` int NOT NULL AUTO_INCREMENT,
  `categoria` varchar(100) NOT NULL COMMENT '"Alimentos", "Moda", "Ecologia", "Ciencia y tecnologia", "Social", "Salud", "Academico", "Entretenimiento", "Infantil", "Belleza", "Otra"',
  PRIMARY KEY (`id`)
) ENGINE=InnoDB AUTO_INCREMENT=17 DEFAULT CHARSET=utf8;
/*!40101 SET character_set_client = @saved_cs_client */;

--
-- Dumping data for table `categoria`
--

LOCK TABLES `categoria` WRITE;
/*!40000 ALTER TABLE `categoria` DISABLE KEYS */;
INSERT INTO `categoria` VALUES (1,'Alimento'),(2,'Moda'),(3,'Ecologia'),(4,'Ciencia y tecnologia'),(5,'Social'),(6,'Salud'),(7,'Academico'),(8,'Entretenimiento'),(9,'Infantil'),(10,'Belleza'),(11,'Otra'),(13,'Juguetes feos');
/*!40000 ALTER TABLE `categoria` ENABLE KEYS */;
UNLOCK TABLES;

--
-- Table structure for table `emprendedor`
--

DROP TABLE IF EXISTS `emprendedor`;
/*!40101 SET @saved_cs_client     = @@character_set_client */;
/*!50503 SET character_set_client = utf8mb4 */;
CREATE TABLE `emprendedor` (
  `id` int NOT NULL AUTO_INCREMENT,
  `nombre` varchar(100) NOT NULL,
  `email` varchar(150) NOT NULL,
  `telefono` varchar(25) NOT NULL,
  `nombre_foto` varchar(300) DEFAULT 'default.png',
  `foto` longblob,
  `id_usuario` int NOT NULL,
  `pais` varchar(100) NOT NULL,
  `ciudad` varchar(100) NOT NULL,
  `biografia` varchar(500) NOT NULL,
  PRIMARY KEY (`id`),
  KEY `fk_emprendimiento_usuario1_idx` (`id_usuario`),
  CONSTRAINT `fk_emprendimiento_usuario1` FOREIGN KEY (`id_usuario`) REFERENCES `usuario` (`id`)
) ENGINE=InnoDB AUTO_INCREMENT=25 DEFAULT CHARSET=utf8;
/*!40101 SET character_set_client = @saved_cs_client */;

--
-- Dumping data for table `emprendedor`
--

LOCK TABLES `emprendedor` WRITE;
/*!40000 ALTER TABLE `emprendedor` DISABLE KEYS */;
INSERT INTO `emprendedor` VALUES (1,'Puseria Mary','mary@pusas.sv','22555555','default.png',NULL,3,'','',''),(2,'Crown','crown@diademas.com','23456789','default.png',NULL,4,'','',''),(3,'Gliti','glit@gmail.com','75315942','default.png',NULL,16,'Honduras','Tegucigalpa',''),(4,'prueba','prueba@gmail.com','12345678','default.png',NULL,19,'prueba','prueba',''),(5,'Bonsai Corp','BoCo@gmail.com','71235984','default.png',NULL,20,'Japón','Tokio',''),(6,'Juan Gabriel','jg@gmail.com','75183952','default.png',NULL,22,'México','Parácuaro',''),(7,'Federico','fedeGa@gmail.com','26548875','default.png',NULL,23,'España','Fuente',''),(8,'Los1D','los1D@gmail.com','11113255','default.png',NULL,24,'Inglaterra','Londres',''),(17,'Paola','pao@pao.com','12345678','chica.jpg',_binary '\\\0JFIF\0\0H\0H\0\0\\0C\0\n\n\n		\n\Z%\Z# , #&\')*)-0-(0%()(\\0C\n\n\n\n(\Z\Z((((((((((((((((((((((((((((((((((((((((((((((((((\\0\0\\"\0\\0\0\0\0\0\0\0\0\0\0\0\0\0\0\\0\0\0\0\0\0\0\0\0\0\0\0\0\0\\0\0\0\0\\ciw\\ѻ/tw\\\}\\wow\\\\qkzI,\\4\b=\\\L\nv/N!\ZY(b\\h}\to{\ۣB\gM\\\)L2\\0jF\j\'\\T!-`\2錢v\ro\\=)0\\y\\VYZ*\2\\Xh^t\\"\3ѥ\Cm:\00hL\ᚬ\/\S\S/0\0\\!\Ae.\H[mι>\4]+kF\\'R\\c~;MV.\'N&r(o-\fi*9]ԕL8\\P\\-.\\o\\hڌ<46^%f\n~b\u\'sOQ0uVdGF<\f\\,\\I\Z\G_\QN3\6e)͊Nn}\)\\i\Ÿړi\hQ\\T\8VK.CH0v?m\l\\%\oI<іTn\Fjo\\1M$`yY:`l=_\.:\\\e*E\[g|i\\710K\e\nήܚA59=\Z\8m\rs9\qX\W0YsE\"F\:\]*\'w[F\p?\\\1\ZWѕ7Y\\\\]6\??m\'%`\0\D2\\[]MJ\\\m>\;~kʋ+\\0Y\ks=\\g\"ۊ\]\(9\h\g\:\]Ob\\mݙ\0-\4,*\tκiv!:F>T2\\\0\pl5.!LMр\\\n3tsXmÝ4T\\\!Z\^\@k$?:{]\\\}d	n+fX,\\#u:qSl\\\?:0siwq_+V}\ZGHQ\).\'\\L?>0$VZy0鬗g&psGG6Eˡ\\L\C6s$gt\xn\\\\\w\xc\2L\Jtk7T\H\|\(9:p\us0&tBՄB)\\f\)\\+m\\\n^Ƴ*uy{i\e_ t\\|M\\0\\Vƒ^\\飗\\ͪwCݡgL\誳pL8\\b\+.Y|y흌\"d\B\G^Y\s.\gi\s\;\;\iʜ]Z3ՑLJ\;\;\;\\\sލt.k2)ctJ\W\e\\\4H2#\\\9P̆6Ҷ\W\\[_UgHwэxWɸeJMOn\n\\0RtP\teյQ:R\Rh,Q\W\0\񝐿\0LR\"#(\]J+,-`b\:1|\e3ҔL\K\F\\Z.\rUZ\w\wD\n\\\NzBF\\s޽nOW\\<\ \kEDsj\\\e:<W˙7h\nѶRΘt:P=\b^^Ƃ,x\<\2_O/83O0o \\\Z\UXD~\5EH\.7\gIeh,E<bF#<\\$UI\\j\PGtE|\:\˛U%8yo%e\\\\p!X0ZѰ\\Z\yzk%\gi+\\Uvk\Ghϝ\>\D\ӫ\͌\{\\\\\̵e\6\\~{;G\Tj\Ӕ8ET\eq\\W\\L\;4\\zS\\Pt}\j\Q#x1}\ox\\\+\\Z{\\^?\\0-\0\0\0\0\0\0!\"1#2A B$34@0\\0\0\,,)\0\\Hr~\bdE!\0#0QnAoMEFHa\hԲ\f\\\\\0ûX@\=pF\Y+>OH\ZYR5L\}7^D A\]gmI,Ql0\@VX\\T\ɮ\\\VǶ\0\<0\\۸˯1mo\\t4ض+1vj[\Z\\\In]O\ǳ$\\QmS*\c7ֈ\5\'֫u\<-\S\`uS\͍EBȻf?-e}:O	\K\е\66ʰfN0qT\a1\ÿG\ܰy8t\\"\\P\\f5\\\\\?\x\Zt\^\SHWSP\\5ܳ-Zen\r|TNnp :G	ȱ\aU\2\\\v\Ze3Q\\a/\Z\u\\+EY\ש{0}l\4\u\\\>-l\\OF\0\Z\U\\Ubk\߭\Hΐ ,&e\\\E;Y\y\+\\(MzaY]i\J+eص\ԬY\\\Z3h6ZP)\0.gS9\ؘ\_&\'XU\MbΦ\g\Q;\뮷+6<8\#\\բ\#\x|s\\A\ґ\e\XJϊyVeS\\\\)7ğ\qg&\g#-s9Z)\h\nT\ݪ\?t\'\XR\Zz\3*:-0Gu\ۀ\>\3\\7d\\\\\c\\\\Y\|Rư\'Š?\0\\i\.p5\u\{&qYӬw\d8ߕk\ܖG\'k:M{*T*\lDj\Zϥ Dx_\[q4g\\Z¶-nW\'I\~+e&%85w	Mʯ7\_O5\\'l!W\\<R֘F\\-\T~>\?|\\&k??/m\\S\}\Bcԛ[\:\0\Zeq[;x\\\f{\Z4fn3u%<Bf\\Q݆4GŞQ~6YT8\Yf-e:k\\vs\>0\ؽUyN\\m\3+4FD(\L\[-|/\r>Sn\r\{U:`\\'\6imfv(\\\u+mk,\\Lz!2?\ZTKltHl\\ZMܿl%\\cMrZ\\[R\\Z0۔\\v`QW^w\l\Y[ڕ\'\-e}]\\/ʶ\\04\,s\?k\Ҧ\jo\"w\nklZU\\\\dq{wgv=G[tȵYUG\\04w*\n!Qo㨶-.Fmr,3 \;\WK\\\/\)h(|&|\YyC\~\n\y#B\w\Z~:\t:=\\"_\r\\r1GNW\\\G\W\\\r\v\pvQaT\\\\\y㊾HN\>G;OoC22G/<V\Oi<*IU;^0\uu^\r6,\~:5\\aJĨSD2\\\Q\c,i\\n\0j@À+\\<hIeq\?\\\̑\aеP2-\XN*K\rL{4_\/\_(<P0\gQـd>K\u;t\CdhO9_ه9)(?Lw\fCUcfh\0\{Nws&\\O%\\~k\*\;B9>lX\"xp\9\'\\bU߾3j)U2c\Ja\\~ڰd{Y\ U\$KI\R&\ ݶx\{#yp\vNX&a\0c\\ƥ\N\[m\]\pshN\\\7ŉM)mǓU_\'\k}\\p\^0ܫn|m\<\"K@wKu;6\\1j\\]\-\qrÖiA\QKp؏+<,\3A\,B\\\C\\C\m,1\:rF^QlN\V,b!ԛn\\V\-\y4\\Sܾ}7rG\"56_r&۝ùgEx\Wd gܬs{ٹSŬ\UlڍFQGq2\\\\F\C\8&LDϩ\\`\k\@Vv(E\S\*LJel\\{2Qv\"_efrk\\n\Lف|\0Ԝg:K \ݾ\0\0\]\.So2=<@)Ad\%O_<vnPJ)\\~H?|c\Ƽ\*,x\f\\\YF\ےk\F\?:\Jxq)\\"\_-wp)a\0PIy\Y\'ϣ	:\Z4/k֥k\q\:0\0S5B\:Z=\\MoaX\\1lz-j\ny\\qG;8UȦA\!\|S\ډ[?~m\/~mW\\qZhc\yFӹғţj|5m\iISzk\G\0lv-\S\0ME\O\wsso\\\{\>k\'\\\^!S\f\Q\D\*w#\W~x9cx|Xf[qQ:a\d\\*A>o\\?d\[\\{lU-\F3+(7\C\>L\>\Z\5[\\\\M\\0\Z/sr{B\-1\\tܵ? K\ZbeU\\4sf\\^<FmO\7]2\no\\\\i\j.\r\\$i\\\٩\\r{i\VA\\/P5\䫶Z\0,f1 ,KAc)k#WjEA\Z#YB].\u/tZ\ѓrcVc-F.5BQ5-m+\-I~-vk\0\N\ @ًYv\0;A\\\Z60\V	\\xњ\;3\\Z\\\0\\\"\ MF(	qc\\[\\S~׍My5N\0N>)\\<{\Za6\'\6\EoO\~1fc\z\^کX\~/yB9lBڃBn\"?C[\\r\w\\'\Y>\O_u\\̀\6^-Ev6;\0\Z\Z\кȶ6n\6+}p\\0\"\0\0\0\0\0\0\0\0\0!1 AQ0\\0?wY~\q\\,\X&9P\yN\\\,!-\Ď	A>.ǆ,\X\Z\^%\\"8RIQVm:%\\\G\'h\\\*kR)mCIp]\K\ѹЊ#\,葲Ʃb|Gѡ\>bhl\NH\P+\ZcTA\f9j\}\b{CiTY9bf\#˂\\\X\FI\8dK)RQ\1j\\\#.D\}Kt.NJ-a<JOCQ\#Z</I1\Z\TX\\:$\"+\!pAr>H.isBLI|xOO\\x\\\\ǝf\RJ78\Lj\F؉EV1gM/\KV_\-s\D\\=HH܇$\\y*\8(zOQ/5\Y\t7\\g\Vk\\[QEQE\\0&\0\0\0\0\0\0\0\0\0!1A Q\"02a\\0?\\05Q\ޤ\\l\ŉ\r~\\\cED\Cf\\\\t\^\\إZd>j1\yе\"dA^\\"QoHeDWEYd{\;ՉJBɜ\\n6GNR#\Jߧ|r>)~&{\;K\,lkKK>oP0Het)5֦FD\.+\\IG/TB%\Ebק\ncDF\\\(\(P\ȫzc05D#\dZz\Z0cl}o쌓\D!O\ZȓC\"8}Oz)V\KhRD\Y;&@hV\G=\*<rtqq\5\G3\tGݾ\retB,ϢQL\\/v\r啱G45HG\\S\"OG_c$\nC\\a\R\Z\?\\rtȻE??#\j?r\i91\\E\n-X\\'c\'\J?#.E\Ȳ\\\DO\}\eYe\\09\0\0\0\0\0!1 \"2AQaqBR#0br34@C\\\0\0?\\\\0\\\\n\R?ŗ(evW\n\rU\nG}\rUL@WU-ҪHٸWʲ\\o\nĩ\\*WʜE\eCe\>\\ꪊ+N%B*J_Ռa4xc;O=\\L\L.y\\ \nчW\0Zp\Iq\A@P,Px\RA]\'*ܨo/\;\Fl\Y;:\\R~yx\IT`\|KZA\L^\m\PM\\r9\Ί&R\fS\"\4w\s/;ɤ\"E\kzF\Ƀhh6U\0\\u¨з3 \n\/\]ފ\_ڠ\N&\_۽xPє \0U`[dV\\*4;\`j\C+_\r_\V\nYY[q\C\oP$;U\|\Z\#\\@.eoeoeoea\=ȸ[\G\۫QD\]q:u|OA\ĵ\$\o\V\.0\\\M\\A02ttZ0\\<S򊕫\naA\Ad\`ouƔKX\\ZWȰ#ӄ7\nV\nVdC#TRՋ\yJ~+\zmԦHK\,C\\"\A\\a\Zu|\\rt\ҋ\'围\2\\\\\IM\hXLia\v\\POq)\քri\AǾP2r֨ \93<6\#0\'\\n\\\?uJl5\aR	Q\;3̨R,P?A\5\{\ևtP?\L\sv1<\[4p-锵UUYn^NGd\\*o\ yZ.\ZS1\|9k\/5\7̇\0Zy?\nd}A(\ENKjm\R[#\_CbrPlWe~\\~\Q\v@M۷E\W7\'%IP\j\%D\o:\0\7\)U\rЊi!i\a_`*\\W\z{e9\mg\;:FĠXeP2\uSV\-<\\\qJ)J#ޱ>r\'\'_(4\\\3|6#4G`(Rh)RjrA\Wp\v	Gh6	D>\H\rZ\Uۦ\`*\\i|K\Z)\\Z\0b\9\32:(疓ge	ݲ\r歐ͱUV\r՜ɪP.\(\\\4uZbA\r\r\"?t	2\\0U䨆\nFT\A\r2H[`;W\sA\lFU\Z,@_\i*0\?Upwj\\6\]V+uU^kt\o\)\5Z\t\4È\0,hN\lJ{]-/_X6*0OU\6\NTC7|\(U`-ռ{!-T\\Z$u\\~\8\\DD*t]\0\kEq\ߥȹF \*y)S*woBTD!Xz_\\\\n+\Z\Ì`\hW}P\nDdkG\0N\\T\\\\т/u\#&\T4P\E\N|N\\d\\\"{QG5\*\\܌L\~#P:}LIY𴰚Hr\2\8g\\bPE\\XKwi_m_碅\\S\9@\;Il;lEM\r\r\\].t\|w\rl5b=/\:\Z%\\;ޥ}\\w1+ST\*s德I\Ӓ \+j,rs\\\M\glʆb\S7w\T\\Zxz&^5tA\\jc;$\SX,A>\2_\}\\\l\\0JZC\>H<4\9O_\YE[y8N5L\{T\A+\\E\7]*L\gZ\'4\\U9UX@X:uz)N(\#vBGu\n;i]Li\04\\Nk\-\L[\\	\z\Ұ\569&	\\\"\#t:\T\S[\0M[\zu\r\v\0\l]&у\,SGM\\ZrEL\1mKxU\k\@\8rt\2\\'ԯD\\ߨJu\by!\BiPO*A\\\\i\\\\\T\t&;S:\q-993*\AJ\sZO\"XU+3Oe\nh7s;#=Q\JoFwSY}LiΉ\&E\0\"u\NtPt@\PpE\;\\0@\\\D2=f\\𵷰D\n*Q;橽eG>E\ET\">\D&MEJtT*q.\\>\S\"\=8Ts[R\n4\'\s+.gʠlޫxeGG\_+{P*NU\"\+\b\*B\n\n:9R\\}6*\\>ai\[`\`N\\6do\'W?\\lۀ9m*y<\!9\b\\v\GE\7\\yXS\~\LU\u\ꫲ\\\\^ˋ\q{./dd\"e4\leT\\\\5WW\\J\\\q{!Uu\\0(\0\0\0\0\0\0!1AQaq\ \0\\0\0?!>\>\0\l\\G\	]N1KCgЇԇQLܴ\a\rcSe\Oè}%\_7\'f\Ku*sR߆&ǝ\\)_JM\:_Y\"\\\-\\ǭ-Q)7u\\\iC\F)k\\,\L\D\emM\><\\Z\eV͏믢\?\eBa-嘑nq3\Da\Ԭ.\Ns\\W\\\AỴʇJ\1_\\Z\)%;\R\r=ƛ>\\3\gaP\C y0/Q\\0y`q\b\ۜ;+\#7יGo\aAxO=SG>eh\0940\38\%CfnRL\\'\gf&k0=\C,si~ေj%\\\Cԩl2\<LC1A`\ȳj\\3|=0\R\\S\n{;zj\\\0ʀ\S\0zB/\>\\0\\$pI̽\},)\u\Zz }P\0c\m0MK\Z\I]e0W2\7 \\0,V8i6\\L\0D&z.=g\\\ʾ\\n\+DEK,!&!^\9{|ABʩB\'p\\A=,{`a\3\1\r*8GL<#AfZ\RZ(կr\\\\rO(\pk/\dT͏=Ԭ\\̻\Fۿ\i\3\o߁lW{DV3*ʳ~\V԰\SUSBP%\j\ZqaAj\\R\\\TbX\>1 \G-Z\=}\5=3K\S1_@)<G\	\\cJł\aX}0\ᘼ\\1\rK=2\0\8@K\%L?3T\N[I+qaZf^vwĶ\\#\"u|Cr\B1˲U,J\2\09FV\ǙnO;G/\\U\!=O2\?\\	\02C/\C	\{tF˹r_3$%)\4MD\\\\\>\\+3AA>Ӊ6R\0qƉr\~Z#lhQ.]SB\\!Z\+\\r;hc)5#qf3R-&DR8S\\0e\㸈\\ޞa\4阳0W$!\f>6\^%\ ~f}Ȑ2ñĨP\HS	bţ1\I46Wr\%\\r<\/S_B\̕F򛩱F/S+%K\1r\;\*ʷRu0\re%AW\s\p,\\׻\1\\\b9喷\3>-*\b>3h\'#|Mއa1\\\\7v\\X]׏g\\AeM\7/\\\An\5V\Q-3\U6m]T⇸h1f!\\2sk6\_0:c[\\3\Fw\\\hX|\pug\#\)s0K\Z$\\Ԩf所A\R+#\_\fe<Di[\\n\2삵vc\\&\bW}	0tC\.\\b\]\p>0xA\5Y^\V\~Sq.\\if\\.\0rUբ\\_^Q:B\l9G~\37&(8\T\"\ńL>x\'{y<ͷ}K\jA\\+&:\^\bG*l-b\X8/0cfT\\s9i\\ɈC/\\'SN\)Iu\rZYY	L\.\7-S <\ҮW\FӋsG0ƀ[\	a;4q6\qc9ʱ4c\B\aKa1-<Y\|\\//Sa\\(x\n)\\K\\q?\B<P\C*?R(W&\66xLX@\F\{lg1\\}GS;\1\\y5)]a6\\\\ڎ\g\1`\\B4&\\6::ځq\\ZfLp\k!ܿ\*6\\w\\\ܰQ:\u7E\/I\Du\\`\Z\ψBLHO\mʡS\Ƭ0\\\uψTǢ\m\\㨬\\"\\\6K\ԊpdD̓\q8\)d\T&\\:\\3e\/ջ\v\el}2\\a3\ǫl\\\˚\̽v\Z\\\'%TG/\n@\\L\j\4\\5Je\KSI`a\rY^\T\5\*\\03{\\X\Ki\\-#Xzw0\r\hB\0\Enގ\\zԱ\%\">`\B\iS*ɐU\rg܉`栈ݼ#\Zq~x\\Y\m\n#Zx\Lƽhu.Ud75ٌX΂;>o\PyC\\!\Zm\W69]yp`(18`[.C5^f$W\&p\\0sViIGE诙O\0%\R\e|\8X\\Jcb\\\>MZ\6\\0_R\<\=Ba#\\"5z9\a\L\ysC1cȺo,YkYM8\\0^\j\2\/\\͑q]]㯈g\\Z\\6@8\\|\\\\m-X%MH\'>e[\H0\ZHsب|\\\a,\nem%\x\r\3(\\'j\\X=\,\,	 %\Q99\X\a.q\n0\\Z\5C\Z*!9\(!X<ʋI$B .uoPi\rC\P\\}A[\mGdGU~L07\\~3\+8ޢpr,[\(\([{2M.P\0%*3t>&{`\\\0i&)L8=\~\P{\0g\/sz,):K4\ċuxF\^b\Zܰ.w\3]<1Iqv>f \\'7U{p|\2\&T\Q8r\nR\|\'zn1\}Lu*W\0[\\#-<\\n\Zx0yazϬGKW/0TA,}-\G*U?Ѷ\\'mszGHek	l\?<\\\\(xJQm7[jYkX\sǮ!rd\9\\'a7W\wȃr&8y3&QXIBPM.D@$\dwB	8Rߙ}GZ\НTy D\*\\"ꡂqQ\\6u\\.\Z=f%R\	KT\s_̾ fˢ\\7\.\p\7\2!>Zy\A;f|\0G17E2\k7\0\u`,\\攇\X\?\\͘V Lּ\u\|԰\"\mF:]M\^HkOڕlc0*#.\N.wn\U!BZR\pGz\\e\ͨZw\Gg|[u\ZSA\\\\;\"r\~\0\0~B+\jQA\\n\E§\'N!\Jo\p\\\n\\7\#==lS\/Q\n\\\-I6EB#Z\0F\U)[\3q\9Ml<KC\\\ \YVqc01\N+U\Jt~`}KJVhwdjc_ܨT/\@R`\Ar\dQL\*WW\ayO/7\-c}\ys)q5XK4ǖ\f.\\2\55%9⑫\x37h\\2\\\'h\\Z\1Iw&UG=D2Z/6\0sƫ|\9]{fhZq9X\\MG\eτE\\3A\\\}=ׇ\\"\m\\'3.*\\6\}\0\sAn[o\i$6je(\Z?IB\#>X\KfEuq~\\,̈;\\A^O\8>,x ;,\\Wܷhh|ľX\\O&\"\\r\&1\I6OiXLST\\\Z\0\\`{fl10sH\0\yC@GR!m\5h65[5\2J\攱_07Sz\\4F\Zb\Z{![JË[838m\.S\x׉_\Q2\r\6\/\5zKa\\\q\OLL3\	3-</.?ԙ\	\AKx\Gd4\MWDz.~YM\)\y}@Z\aPG/r\\81SO1`\,\a>ɿ\\\.\0JX\Z˽a?I[+*~eTn\P\"\3ω^o\>\G\0\\\0\՜A\C)+~sx>\^U{0\5\Z1s\"V\pq(R\c\\0u1\/\O_)WP\\įi\j\'H>&:\\j\E\oܭ\\\0!Ow/G\\*!m2x$\zQ1z;2n}rQ\\n\C\^\\qhao\@@TTں\'p̧z:x\-=J\\Ő!\g8栻\Gs|wO;11xc\'p	}\\m9I\>Lmj5v/\əвma\gs; <F\\0\r!m%p7\<o/x_d\\.)]#ݕ\Re]@OHK\Ziܯ\\ooD \SJ|&dl=\;\\`\ߩtD\r\\(oHG?V{#\\0\0\0\0\0\0Q7x^qS\\r[\\6\O.\<g\	Ԟ|\0l\pmo\0|\\j N\\Q༻\"\\/	W+o\\\ydR\.w&	pE\<)%\0*~\Z\\\Z;i\\[=2\\'Y\\\.Eʨ.\B\\BJ\\nPm6r꬐Kpn^\I8ՇX\x\ɂf4`rr\Zls.ߟ\70\\P1\Wïr	2S9<\0\p\8\\p=0ojSFJ\%쥐4^jb\0\u\A`{\\0 \0\0\0\0\0\0\0\0!1AQa 0q\\0?\~9?Ђ]\\$t_~؈p\ʺ\\ǀᤋ,}\\!68fV9w6E\,.OAd\,\\c\,\:Om\\\bet \\A\g.}R2]4Nn\\\\K\';Gv\0\\\}c\\\G\\w\`Ag>7n\.3wtÁ\\ce=D11ߢu\Ν\6\\n\`ٟ+f\\\s\\K\0\\7Y\>ٴv\R\m=c~8\و%\\K\\\%\\D\s[$\\I\!m\6v:\O\K\bMWY6r\b\ڃ-M\l(Ʉ\'Ooeټl\ެ\0\۴f\\iɎ\c\\\\qCՙԻ\\v?ܒ/\\\\\\0wos\\w0B{[xg/\).\.@\t\u^:\2\d\ov\pQ`n{\\'yl\ =G\n\W\\n\\\ͳ8Ydo\\r2\rYZɅac<E\?,~_\\0 \0\0\0\0\0\0\0\0!1AQaq0\\0?\__WW\\|	r]ݳ>}OXO}l\+`>D\\"\\2\/\v\Rr:\VC5\}\\HŚ[&\NZہ\q\"\\\IuZj\mvt9/ՃEk>Zv\0^ܜlcmd\-\|>I\B\Z|+Ae\\v^6\\\F7S\,]Kz\gρHÓ\nA\Ȭ蓻e#Od\'dZZrf\]YD],\Z\8{·Xې\Ak\C>\'l:\ǳ\A4e\/헨aaZ߯7Fzdr\P<${`x_vJl\\c̿\g{>e\H:E`^^\ \#>/\'\й}-{\\\#nlI\\\\'H\\Z=\]y<{5\sYm\!\O\ý&<.\ \\\b\\#ρ\\\n\aY&)iKBN\^8SI߆-ަA\}_\\kG\;\\#1\\\ϲ߻GvW\\ONnF=rV\\̺B\\<F>6mO\<0\/ޗl\\	#\>Ҿҷ\Roaosmo\\0\'\0\0\0\0\0\0!1AQaq\\ \\0\0?Wr+=a\"v@n`fd_\T\?Xr\D\\q\V%N\0W\\0\\0\\*\Z!+?OH\⥩\g*.p2\R\2\ХI!g\\\SI\Lr(!<\D\T\qAQ9_cD%\\ A9\0\S/\3ѯA\*?\\9sQ+\ۯ\\Z\	\C)\\\i\\za\$V2\s\\\Q\\c\(\_c\Z[\\\\G\\ZԺ/\08\\>\"\"u5@\	\~R/+\\-@\\LMR\Ձ\%|\=\*WL>N/\\PLlY]U\͵[\\rH(9\r[\:r\\\GT\D|\߼[c\%\\\i\\\\hv̹1\0l::@~YAexJy[\ }\9@H\\\\rBG\*\r9\i~X;[}XV\K\a\n\棘i\0\@Q\\nRHl{\%\rm#sw0\1`̬5\\O`\\6GOG\^V3L8\`؍4	\Z~vʿYR;E$cC\Rr\\Hį\n\n\m,/oEg\"\in(\'6c\9\go>e\\#$\\+\4A	\v\?*\|	\+\\~?9uyb𘘃1\\D͸\į\\\%@\Z.\CJ9y\ۑlP.k@xq\0He+#ܺ\n=0PІB>:\\b\t=b\di_<%\nXߏV #\\\\N~\1\<*|1<J-<{n*\\\`\\\LLFFMˊr\mluX*ck\\BW\5M@xxe´o\I՗Y\]}#Ce\*\/\ZE\{Dn:~zCp\0\0Z\,ʔ\'\	zL\\\\p\ \1ӈk~ \V@4폣ϴ\1Op\ś\\\lMp 0o}#͊CR\\a\\KS`J{NciX}.4c508,APCV\f\ٳ8c 12ʲIJ\\'\.P\rZ\[v.2\\JX\aġ[C\\CUg\\47\\8Q4vBT\F\\j4mz\\CptK\x(a`wa72	%~O~`#@\¼\\\\?XƪTLٍwJm\栎n\̃ʔ\0\"siYyѪ\\n~\4Vp\\rfEO=\V[˸\ʖ\PH=n\\J\\nn!̩UgCG\\Z,U\L^%V\`vՕ\0~Q\\\r\_\,+n﬩d/!AP2@]\̶g\UKMc|\~c\r\܆%\\\<a\\Gy^-;r)\!\\cdڀ/R-\\\\\Z(UdT\(@Dc\\Zx\z\R\Nj<q\\jV<\B#u\r^,^%2HRll\J\B\\?\D	\\T9\~!\Q3-cYN_v1hJeK\v\ݒJb/\Hz\\*`v\|\#^\Plt\k_{@\ϼPdf\O\}\T>v}*1\Z\\]M}c2\n\&\⑄éH+\Lc\?\\\4kGOc3`\\r.\\i`\#\^\\4(G,R@L5ǈBA\얚<\\AJq\\>Y\ŝ\w.bq\Ux?\~`\Y\d\ua\UOT>|2\\Ƨ\\oy\0^ˣ9cI/][pc\\]\'$\VQK\RWj+)%\-?޿#?p\\\y>{n\\k\\\#DQ+\yP!<uQ\E\#+&]\ZyɉLTta\\M\bv{O\\0\W,J&R\Z!\\0w\N\ⷔz\\O~a\@\,a%71g\/p.kDy\rפɣw.F*-\	\_M\k@<T`.u\Z7bs,b\"a\u\|\\Fjfԋ{\4b;E\r--\\CV\\z\W֫i\U\`x\"T\+\\"\S\\@\0w(\\P\\nHj\0\CY}\0mLI\8%\\ٺB\UQB@_EV\\܎U\\m\'g\֯ \#LXlvѶ1\fy|?XKū|\$,v\:\QG$G\İ .W{	^\'J\0Ֆ6\@cEt6K\\'p?f^V\nX\"\+?\TLz\Bhq\x̯\ ל0]\rJSK^ʡm5\Z\p\\؅KV\O(\/\Z8`\'.ZIY]\v\0\':w)o	`\K\\\\撏IEX\;K*av}xW\-Z\\\\,w\<O\uH}KWȏ&\EqM琿;%hWhq9i\Z\rl{@j\J޸\\lr\/\@B|\9\r\pUd[\\r\\\\ӟ1\=+\KM\\¼L.\0Pfz0dQ\`A\f \a;aK͸+h+\0\Z\\r\1L4bƩѫ\c!E\\r{A\\ݵ\7L#JsV5(1EjU7\\nڌ\\[<\D]V7\0HO#\Fhw\,+\\T\\"\"9k\ZRW\S\"r\\01φ+WdWO\k\D)G\r8\C4¹~%Kpd\\7rbjg`ۈE\s4mr~!\+՛R\\SJ(h1N\\\,1\75\p\\#\\\nrϘ+ԮF#1\-:w1MJL\Z̳\n=;TF\\9\A\\ \eH\\PRէ\Zw\_\.\\=!(-\1L\,UYK\[\+\¼%o}jVb:er\iK-\\\lBe\%I(U\1	iħycC\TX؜fq\0\ZGkfVEG\ Ko`Zz\oU\3X줈yH\0#ƍ>aY`EY\"Ȭ\\\˴ a8]N\\\\(v\jXAT,6,\@z2U=b4/s\R_md\ZY_\\^\n_jYe\\\Δ(,ł7%Q\PY,pP\:f!@;_\z!FU`\\B5ţ\_x\5@\T7}[~\AQt#Io3\n\\\P_\+2ꌬ^ŮͩWҘ\W	@\fS\T\n\)\ы\rVZe	7KAh/P\\F\Z\\:)6\n\\*b\&1[\\x;GEǸZ\\,+\!)\e#\0\I\\7\J\wTi\\ǴCΏf\UC[\ߑ\\K)\\;\Z&\p,	LD9!.\r\\U\\\nKn\ 1\\%Ҙ`\\"\½gxT6}R \0\%2]4~\)TN!W\rCA~\\S_?\W^o8%5q\\2\?	=\Z\IHr\cy>nUy}u.nԲ\\\npv\\i\bX[\15ڿh\\0ˎW6}!*&r\rӘu\~D!:Ry\\\-\\\f[&\̠g\j\\>`QD4!N+\pӎ\56˦ǟ\ԁEo9=sN\\\-ۡ>.[\\"~\`(;x\Q\>`D\\kk\Q.\\0Toؘb\\\\S\g\"Pr\#kP\u\\ \qXJOX5c9^b:\\W\Lg&.b\H\r\bTɲ\,\ʛ#\H\"Y\\Uw4VOm}X9J\\u\\\\\\0`S\0-*Hư1e\:j7[<\\V3o\Z;	*\w`()\\ PkOX?\\B\6|\\@5R\\Z \zE7S{+	_u\\0p\z:j\\0Ky\\\_Gtj5N\r\r\H:\Nu,7	eOx\a\\\0 h\ԤwȜԸR\QE\0Nt[	\Y\Uԕ\p\w`,7v\TVaZf\m\8k\\^w6q)\\e\r2\Z\7\r0J펇\JT\ǀ@8j}\VYe\\\d-FrrN\VZ%Ex4\\\V^ib\9Aǈ<]\.\:5Cj~YwP\e\\\ã~fڻ\.0:\r#n@TjWhq,JG\\rY\ i+Oҙ\Z@\.\r\\nZyZ\ǝ\\hqC˱e\Z\\q\	r1no0\q\^\^>!Mx\1P\\0IE\P4}4Z_@\Z3\0c	X\\\U2G<\\n\ZGw\2\u\\)u5VQHf\i\ԉt)o>\\unŊ\[lzRf\U_km5P\_1u`\r\0[Ϭ1\9p\@\\0yI5L4/JT#-u[a\!\ms\0vŝ\u\\SjX[{\t\\[_kg=\a\\\oH=\'ܔnl\OI\\Z*j\`s\0x\\ं^Zޯqn}߬\r\^\\\vV9\\\aHm\VG\	\\.Rޮ\e\'\n\HcwXa\G|}\\\Zj\.%k+9Ȭ\qr\\sER\@Uk\\ˀ9\UKʰ w,/Ņh59Vd\P@u=i1!-XzP\܀\\Ϩ{B3$!*\^Xo.&[hFA^(\f\0s[\"ru`\\\\\\\ XD \U\@\Zyˌ\rڏ\\=!^k\S#06ve\0*\0%\rR\&Av5\1z\n	\pu= j9/\ZA`h_a}\G*F[~H>Ǔq*7N\E\lCͰ\'.\\zn?p6ƩbTnP\\\"\nn@|G/ח\HmJ,\Ɣ`|ʞz{a`\n\d8\\qv?X1ޠ+\#Uvo3hw\\rHj\"PX}Ԋ))\\gG\=@K\\\\\+\0n`1}g\`{\n+BY ]qFechQh8\K^C\CkWpo\\p\E-M\4]	\y1h۷↲C\\\\_R+^\	\WW\3`\\n8|qT$P*F$\#c`\Z\`R\_gH\qK\xP$Qd\\Z^1\ޮ\&XL̜\6w^c a^Pj/\\>\[+\F\0\\\BN\"\\\+\W7r=%a\_\5fQ.S\lUSBʊ]j\O_J^˵Qb\8̈́G\lw:\o:e\\\=*+7t/\&C4ɐ\"\j6)C1fh%\r\si`/:\]\n88c\-U\f\0R00Q6rxsF<\Pxէ\nY\#y\6*ƯixPh(\\60\ֳp8\A\|\ZrQbPt\}p\pAr*t\0bkV\\̺\\\o`!n\\\ZTt\ɘ5ѵeW2ևC):rÞywX\@\"fwO5Ѽ3ƀ\\\\_\`eWe\z\ 6\\u#k@+^j\=UYe[`>Qt\/E\&\\0\EAu6S}\.T\f\]\-\|K/\"\+\\Ac\n\ZҖ87\nGj\\\*e\lLE\Z\\'V5\\ܷt.S|wj\n\t\,bCJc?\b\\;;\\kl*\ǧ\w̱\Z\ԪSkR\3\ٷ\m_\r>ҋ\ZO\vy\Ҳxj\0/3%ked\\\\\1\\n2~XdnP\LW\>b\nQ$Tr|\j2^⢀\y\i@m\QH+C\+9Ĥ\I/W\\}.i=4ʖ4pekGK!^bi쫯N=\xĦ\P%uh,\\0\Uf\ò}?\;g:\؀dB\Kr6uu\d\\\Z\e\R\\U\0N5Fu!\\z2֭MP=4\na&(ydǈy\\kX=\:۲\>j;(\qϛ@*\~_h>\t \\\\'$[]Pf \0b,&\'Xv\0}U\VuW~Yw/QI(\yP\\\?B)&\B\}!e`\\Y+_\\=`\rwF`jU\\t\Ζ\]\NH\\\I;3L\\\\\\"\0X],\bz\"^<R׋@\n`\f\\Zlϧ_K-JW\mӯT\V3\\\)peG5\-O\K\0%\0\'_o\j\W\n\nwn؏˔20-yÈ6BmS3N\E7A~\\\c\,\\\>#\\gAfء6\\γy\b\Tb8\\+Q\\\(\\]ȵ[G޼Ng%/qƈ\~\\\dH,\rpmo9#<Nk\0F\\	Z\Y\\R(pH>^X\1k\U+ȻO#\\\\0\?\ԍeдV=\ҴrJlN\:RZ\2\\\@w\Z\\0\>lT\\PDb\@\H\\\X\\B@m\4>ҝ\r\ukK#UP\\@	xY%\\r}\~,\'^T<\2ɜ\Wp70\nE;AdW\5\r\r\\Zψ\`\ZK\\/zo/g\\2	a6K\r@\\r2E#%\Ek\0\K~{pR03\0I\xSX\G\B\\P{]\]@NSB\|b\k\k\0i8_|\o\¼F3vZ=\*\W\0h8昣\'_aZ\/4\gؙ\Fh\0dSS\Zy\q0d\Qx\eU\"\\nO_\>v7*+јms]iWoǩ)\VG\ykMPKb_6%\"u\\\ܥG+xb(=q\m*Y+x\F:\Jiy<>\"!7\3\IO\\XYn4i\Ř\T\T,8*.n\Y-h\akV)U\s5,@tDš\\!62֦\\n\\\0-0hL|\0p&%l\XR$-Q;re\0\qmQ\\=p~A^%`\xrM\Z]@Un2i8@޸\SMU\01hبwW\r\\\0S@^\e\Z\?z\r\\0N-b0]Y@b\\\\X\4,.gŢN\@%Ǧ\]՗W\\\0K\U\Z%r0p\\d\\\0V\~0\- Մ\\\.\Ԃ(sS^uƠ\V\嗥e\Ǚaݓ\rU\R\\GYY`\ZP\e:0\\c\07\KUz\4\W\!Bmș(l0\g v\L[\,EY|\\ZYˉpo\ዜƗL\\QC_\qpT͝JpM\J\/wAo2\ b}\\Nֻ0QC5\~X\06\\Egf8wcTljp\[O?fnA\\y\b,\0\e3	馼UzC5hmYT\XkMs\(w\`sx;\h\QTXl\\\P\\\	m\H\1\/&?\i\\(V-Ůjx,P*%o,Qd,	AB/\n7ӿ\\\ʎ\lǤL\\0x!Z)~<A7`S#\@>`\\00Hq}!Q|{FP}#\&3U׉\\K|E[5Ԣ\rz\\',11,'El Salvador','San Salvador','Rompiendola como siempre'),(18,'Paola','pao@pao.com','12345678','chica.jpg',_binary '\\\0JFIF\0\0H\0H\0\0\\0C\0\n\n\n		\n\Z%\Z# , #&\')*)-0-(0%()(\\0C\n\n\n\n(\Z\Z((((((((((((((((((((((((((((((((((((((((((((((((((\\0\0\\"\0\\0\0\0\0\0\0\0\0\0\0\0\0\0\0\\0\0\0\0\0\0\0\0\0\0\0\0\0\0\\0\0\0\0\\ciw\\ѻ/tw\\\}\\wow\\\\qkzI,\\4\b=\\\L\nv/N!\ZY(b\\h}\to{\ۣB\gM\\\)L2\\0jF\j\'\\T!-`\2錢v\ro\\=)0\\y\\VYZ*\2\\Xh^t\\"\3ѥ\Cm:\00hL\ᚬ\/\S\S/0\0\\!\Ae.\H[mι>\4]+kF\\'R\\c~;MV.\'N&r(o-\fi*9]ԕL8\\P\\-.\\o\\hڌ<46^%f\n~b\u\'sOQ0uVdGF<\f\\,\\I\Z\G_\QN3\6e)͊Nn}\)\\i\Ÿړi\hQ\\T\8VK.CH0v?m\l\\%\oI<іTn\Fjo\\1M$`yY:`l=_\.:\\\e*E\[g|i\\710K\e\nήܚA59=\Z\8m\rs9\qX\W0YsE\"F\:\]*\'w[F\p?\\\1\ZWѕ7Y\\\\]6\??m\'%`\0\D2\\[]MJ\\\m>\;~kʋ+\\0Y\ks=\\g\"ۊ\]\(9\h\g\:\]Ob\\mݙ\0-\4,*\tκiv!:F>T2\\\0\pl5.!LMр\\\n3tsXmÝ4T\\\!Z\^\@k$?:{]\\\}d	n+fX,\\#u:qSl\\\?:0siwq_+V}\ZGHQ\).\'\\L?>0$VZy0鬗g&psGG6Eˡ\\L\C6s$gt\xn\\\\\w\xc\2L\Jtk7T\H\|\(9:p\us0&tBՄB)\\f\)\\+m\\\n^Ƴ*uy{i\e_ t\\|M\\0\\Vƒ^\\飗\\ͪwCݡgL\誳pL8\\b\+.Y|y흌\"d\B\G^Y\s.\gi\s\;\;\iʜ]Z3ՑLJ\;\;\;\\\sލt.k2)ctJ\W\e\\\4H2#\\\9P̆6Ҷ\W\\[_UgHwэxWɸeJMOn\n\\0RtP\teյQ:R\Rh,Q\W\0\񝐿\0LR\"#(\]J+,-`b\:1|\e3ҔL\K\F\\Z.\rUZ\w\wD\n\\\NzBF\\s޽nOW\\<\ \kEDsj\\\e:<W˙7h\nѶRΘt:P=\b^^Ƃ,x\<\2_O/83O0o \\\Z\UXD~\5EH\.7\gIeh,E<bF#<\\$UI\\j\PGtE|\:\˛U%8yo%e\\\\p!X0ZѰ\\Z\yzk%\gi+\\Uvk\Ghϝ\>\D\ӫ\͌\{\\\\\̵e\6\\~{;G\Tj\Ӕ8ET\eq\\W\\L\;4\\zS\\Pt}\j\Q#x1}\ox\\\+\\Z{\\^?\\0-\0\0\0\0\0\0!\"1#2A B$34@0\\0\0\,,)\0\\Hr~\bdE!\0#0QnAoMEFHa\hԲ\f\\\\\0ûX@\=pF\Y+>OH\ZYR5L\}7^D A\]gmI,Ql0\@VX\\T\ɮ\\\VǶ\0\<0\\۸˯1mo\\t4ض+1vj[\Z\\\In]O\ǳ$\\QmS*\c7ֈ\5\'֫u\<-\S\`uS\͍EBȻf?-e}:O	\K\е\66ʰfN0qT\a1\ÿG\ܰy8t\\"\\P\\f5\\\\\?\x\Zt\^\SHWSP\\5ܳ-Zen\r|TNnp :G	ȱ\aU\2\\\v\Ze3Q\\a/\Z\u\\+EY\ש{0}l\4\u\\\>-l\\OF\0\Z\U\\Ubk\߭\Hΐ ,&e\\\E;Y\y\+\\(MzaY]i\J+eص\ԬY\\\Z3h6ZP)\0.gS9\ؘ\_&\'XU\MbΦ\g\Q;\뮷+6<8\#\\բ\#\x|s\\A\ґ\e\XJϊyVeS\\\\)7ğ\qg&\g#-s9Z)\h\nT\ݪ\?t\'\XR\Zz\3*:-0Gu\ۀ\>\3\\7d\\\\\c\\\\Y\|Rư\'Š?\0\\i\.p5\u\{&qYӬw\d8ߕk\ܖG\'k:M{*T*\lDj\Zϥ Dx_\[q4g\\Z¶-nW\'I\~+e&%85w	Mʯ7\_O5\\'l!W\\<R֘F\\-\T~>\?|\\&k??/m\\S\}\Bcԛ[\:\0\Zeq[;x\\\f{\Z4fn3u%<Bf\\Q݆4GŞQ~6YT8\Yf-e:k\\vs\>0\ؽUyN\\m\3+4FD(\L\[-|/\r>Sn\r\{U:`\\'\6imfv(\\\u+mk,\\Lz!2?\ZTKltHl\\ZMܿl%\\cMrZ\\[R\\Z0۔\\v`QW^w\l\Y[ڕ\'\-e}]\\/ʶ\\04\,s\?k\Ҧ\jo\"w\nklZU\\\\dq{wgv=G[tȵYUG\\04w*\n!Qo㨶-.Fmr,3 \;\WK\\\/\)h(|&|\YyC\~\n\y#B\w\Z~:\t:=\\"_\r\\r1GNW\\\G\W\\\r\v\pvQaT\\\\\y㊾HN\>G;OoC22G/<V\Oi<*IU;^0\uu^\r6,\~:5\\aJĨSD2\\\Q\c,i\\n\0j@À+\\<hIeq\?\\\̑\aеP2-\XN*K\rL{4_\/\_(<P0\gQـd>K\u;t\CdhO9_ه9)(?Lw\fCUcfh\0\{Nws&\\O%\\~k\*\;B9>lX\"xp\9\'\\bU߾3j)U2c\Ja\\~ڰd{Y\ U\$KI\R&\ ݶx\{#yp\vNX&a\0c\\ƥ\N\[m\]\pshN\\\7ŉM)mǓU_\'\k}\\p\^0ܫn|m\<\"K@wKu;6\\1j\\]\-\qrÖiA\QKp؏+<,\3A\,B\\\C\\C\m,1\:rF^QlN\V,b!ԛn\\V\-\y4\\Sܾ}7rG\"56_r&۝ùgEx\Wd gܬs{ٹSŬ\UlڍFQGq2\\\\F\C\8&LDϩ\\`\k\@Vv(E\S\*LJel\\{2Qv\"_efrk\\n\Lف|\0Ԝg:K \ݾ\0\0\]\.So2=<@)Ad\%O_<vnPJ)\\~H?|c\Ƽ\*,x\f\\\YF\ےk\F\?:\Jxq)\\"\_-wp)a\0PIy\Y\'ϣ	:\Z4/k֥k\q\:0\0S5B\:Z=\\MoaX\\1lz-j\ny\\qG;8UȦA\!\|S\ډ[?~m\/~mW\\qZhc\yFӹғţj|5m\iISzk\G\0lv-\S\0ME\O\wsso\\\{\>k\'\\\^!S\f\Q\D\*w#\W~x9cx|Xf[qQ:a\d\\*A>o\\?d\[\\{lU-\F3+(7\C\>L\>\Z\5[\\\\M\\0\Z/sr{B\-1\\tܵ? K\ZbeU\\4sf\\^<FmO\7]2\no\\\\i\j.\r\\$i\\\٩\\r{i\VA\\/P5\䫶Z\0,f1 ,KAc)k#WjEA\Z#YB].\u/tZ\ѓrcVc-F.5BQ5-m+\-I~-vk\0\N\ @ًYv\0;A\\\Z60\V	\\xњ\;3\\Z\\\0\\\"\ MF(	qc\\[\\S~׍My5N\0N>)\\<{\Za6\'\6\EoO\~1fc\z\^کX\~/yB9lBڃBn\"?C[\\r\w\\'\Y>\O_u\\̀\6^-Ev6;\0\Z\Z\кȶ6n\6+}p\\0\"\0\0\0\0\0\0\0\0\0!1 AQ0\\0?wY~\q\\,\X&9P\yN\\\,!-\Ď	A>.ǆ,\X\Z\^%\\"8RIQVm:%\\\G\'h\\\*kR)mCIp]\K\ѹЊ#\,葲Ʃb|Gѡ\>bhl\NH\P+\ZcTA\f9j\}\b{CiTY9bf\#˂\\\X\FI\8dK)RQ\1j\\\#.D\}Kt.NJ-a<JOCQ\#Z</I1\Z\TX\\:$\"+\!pAr>H.isBLI|xOO\\x\\\\ǝf\RJ78\Lj\F؉EV1gM/\KV_\-s\D\\=HH܇$\\y*\8(zOQ/5\Y\t7\\g\Vk\\[QEQE\\0&\0\0\0\0\0\0\0\0\0!1A Q\"02a\\0?\\05Q\ޤ\\l\ŉ\r~\\\cED\Cf\\\\t\^\\إZd>j1\yе\"dA^\\"QoHeDWEYd{\;ՉJBɜ\\n6GNR#\Jߧ|r>)~&{\;K\,lkKK>oP0Het)5֦FD\.+\\IG/TB%\Ebק\ncDF\\\(\(P\ȫzc05D#\dZz\Z0cl}o쌓\D!O\ZȓC\"8}Oz)V\KhRD\Y;&@hV\G=\*<rtqq\5\G3\tGݾ\retB,ϢQL\\/v\r啱G45HG\\S\"OG_c$\nC\\a\R\Z\?\\rtȻE??#\j?r\i91\\E\n-X\\'c\'\J?#.E\Ȳ\\\DO\}\eYe\\09\0\0\0\0\0!1 \"2AQaqBR#0br34@C\\\0\0?\\\\0\\\\n\R?ŗ(evW\n\rU\nG}\rUL@WU-ҪHٸWʲ\\o\nĩ\\*WʜE\eCe\>\\ꪊ+N%B*J_Ռa4xc;O=\\L\L.y\\ \nчW\0Zp\Iq\A@P,Px\RA]\'*ܨo/\;\Fl\Y;:\\R~yx\IT`\|KZA\L^\m\PM\\r9\Ί&R\fS\"\4w\s/;ɤ\"E\kzF\Ƀhh6U\0\\u¨з3 \n\/\]ފ\_ڠ\N&\_۽xPє \0U`[dV\\*4;\`j\C+_\r_\V\nYY[q\C\oP$;U\|\Z\#\\@.eoeoeoea\=ȸ[\G\۫QD\]q:u|OA\ĵ\$\o\V\.0\\\M\\A02ttZ0\\<S򊕫\naA\Ad\`ouƔKX\\ZWȰ#ӄ7\nV\nVdC#TRՋ\yJ~+\zmԦHK\,C\\"\A\\a\Zu|\\rt\ҋ\'围\2\\\\\IM\hXLia\v\\POq)\քri\AǾP2r֨ \93<6\#0\'\\n\\\?uJl5\aR	Q\;3̨R,P?A\5\{\ևtP?\L\sv1<\[4p-锵UUYn^NGd\\*o\ yZ.\ZS1\|9k\/5\7̇\0Zy?\nd}A(\ENKjm\R[#\_CbrPlWe~\\~\Q\v@M۷E\W7\'%IP\j\%D\o:\0\7\)U\rЊi!i\a_`*\\W\z{e9\mg\;:FĠXeP2\uSV\-<\\\qJ)J#ޱ>r\'\'_(4\\\3|6#4G`(Rh)RjrA\Wp\v	Gh6	D>\H\rZ\Uۦ\`*\\i|K\Z)\\Z\0b\9\32:(疓ge	ݲ\r歐ͱUV\r՜ɪP.\(\\\4uZbA\r\r\"?t	2\\0U䨆\nFT\A\r2H[`;W\sA\lFU\Z,@_\i*0\?Upwj\\6\]V+uU^kt\o\)\5Z\t\4È\0,hN\lJ{]-/_X6*0OU\6\NTC7|\(U`-ռ{!-T\\Z$u\\~\8\\DD*t]\0\kEq\ߥȹF \*y)S*woBTD!Xz_\\\\n+\Z\Ì`\hW}P\nDdkG\0N\\T\\\\т/u\#&\T4P\E\N|N\\d\\\"{QG5\*\\܌L\~#P:}LIY𴰚Hr\2\8g\\bPE\\XKwi_m_碅\\S\9@\;Il;lEM\r\r\\].t\|w\rl5b=/\:\Z%\\;ޥ}\\w1+ST\*s德I\Ӓ \+j,rs\\\M\glʆb\S7w\T\\Zxz&^5tA\\jc;$\SX,A>\2_\}\\\l\\0JZC\>H<4\9O_\YE[y8N5L\{T\A+\\E\7]*L\gZ\'4\\U9UX@X:uz)N(\#vBGu\n;i]Li\04\\Nk\-\L[\\	\z\Ұ\569&	\\\"\#t:\T\S[\0M[\zu\r\v\0\l]&у\,SGM\\ZrEL\1mKxU\k\@\8rt\2\\'ԯD\\ߨJu\by!\BiPO*A\\\\i\\\\\T\t&;S:\q-993*\AJ\sZO\"XU+3Oe\nh7s;#=Q\JoFwSY}LiΉ\&E\0\"u\NtPt@\PpE\;\\0@\\\D2=f\\𵷰D\n*Q;橽eG>E\ET\">\D&MEJtT*q.\\>\S\"\=8Ts[R\n4\'\s+.gʠlޫxeGG\_+{P*NU\"\+\b\*B\n\n:9R\\}6*\\>ai\[`\`N\\6do\'W?\\lۀ9m*y<\!9\b\\v\GE\7\\yXS\~\LU\u\ꫲ\\\\^ˋ\q{./dd\"e4\leT\\\\5WW\\J\\\q{!Uu\\0(\0\0\0\0\0\0!1AQaq\ \0\\0\0?!>\>\0\l\\G\	]N1KCgЇԇQLܴ\a\rcSe\Oè}%\_7\'f\Ku*sR߆&ǝ\\)_JM\:_Y\"\\\-\\ǭ-Q)7u\\\iC\F)k\\,\L\D\emM\><\\Z\eV͏믢\?\eBa-嘑nq3\Da\Ԭ.\Ns\\W\\\AỴʇJ\1_\\Z\)%;\R\r=ƛ>\\3\gaP\C y0/Q\\0y`q\b\ۜ;+\#7יGo\aAxO=SG>eh\0940\38\%CfnRL\\'\gf&k0=\C,si~ေj%\\\Cԩl2\<LC1A`\ȳj\\3|=0\R\\S\n{;zj\\\0ʀ\S\0zB/\>\\0\\$pI̽\},)\u\Zz }P\0c\m0MK\Z\I]e0W2\7 \\0,V8i6\\L\0D&z.=g\\\ʾ\\n\+DEK,!&!^\9{|ABʩB\'p\\A=,{`a\3\1\r*8GL<#AfZ\RZ(կr\\\\rO(\pk/\dT͏=Ԭ\\̻\Fۿ\i\3\o߁lW{DV3*ʳ~\V԰\SUSBP%\j\ZqaAj\\R\\\TbX\>1 \G-Z\=}\5=3K\S1_@)<G\	\\cJł\aX}0\ᘼ\\1\rK=2\0\8@K\%L?3T\N[I+qaZf^vwĶ\\#\"u|Cr\B1˲U,J\2\09FV\ǙnO;G/\\U\!=O2\?\\	\02C/\C	\{tF˹r_3$%)\4MD\\\\\>\\+3AA>Ӊ6R\0qƉr\~Z#lhQ.]SB\\!Z\+\\r;hc)5#qf3R-&DR8S\\0e\㸈\\ޞa\4阳0W$!\f>6\^%\ ~f}Ȑ2ñĨP\HS	bţ1\I46Wr\%\\r<\/S_B\̕F򛩱F/S+%K\1r\;\*ʷRu0\re%AW\s\p,\\׻\1\\\b9喷\3>-*\b>3h\'#|Mއa1\\\\7v\\X]׏g\\AeM\7/\\\An\5V\Q-3\U6m]T⇸h1f!\\2sk6\_0:c[\\3\Fw\\\hX|\pug\#\)s0K\Z$\\Ԩf所A\R+#\_\fe<Di[\\n\2삵vc\\&\bW}	0tC\.\\b\]\p>0xA\5Y^\V\~Sq.\\if\\.\0rUբ\\_^Q:B\l9G~\37&(8\T\"\ńL>x\'{y<ͷ}K\jA\\+&:\^\bG*l-b\X8/0cfT\\s9i\\ɈC/\\'SN\)Iu\rZYY	L\.\7-S <\ҮW\FӋsG0ƀ[\	a;4q6\qc9ʱ4c\B\aKa1-<Y\|\\//Sa\\(x\n)\\K\\q?\B<P\C*?R(W&\66xLX@\F\{lg1\\}GS;\1\\y5)]a6\\\\ڎ\g\1`\\B4&\\6::ځq\\ZfLp\k!ܿ\*6\\w\\\ܰQ:\u7E\/I\Du\\`\Z\ψBLHO\mʡS\Ƭ0\\\uψTǢ\m\\㨬\\"\\\6K\ԊpdD̓\q8\)d\T&\\:\\3e\/ջ\v\el}2\\a3\ǫl\\\˚\̽v\Z\\\'%TG/\n@\\L\j\4\\5Je\KSI`a\rY^\T\5\*\\03{\\X\Ki\\-#Xzw0\r\hB\0\Enގ\\zԱ\%\">`\B\iS*ɐU\rg܉`栈ݼ#\Zq~x\\Y\m\n#Zx\Lƽhu.Ud75ٌX΂;>o\PyC\\!\Zm\W69]yp`(18`[.C5^f$W\&p\\0sViIGE诙O\0%\R\e|\8X\\Jcb\\\>MZ\6\\0_R\<\=Ba#\\"5z9\a\L\ysC1cȺo,YkYM8\\0^\j\2\/\\͑q]]㯈g\\Z\\6@8\\|\\\\m-X%MH\'>e[\H0\ZHsب|\\\a,\nem%\x\r\3(\\'j\\X=\,\,	 %\Q99\X\a.q\n0\\Z\5C\Z*!9\(!X<ʋI$B .uoPi\rC\P\\}A[\mGdGU~L07\\~3\+8ޢpr,[\(\([{2M.P\0%*3t>&{`\\\0i&)L8=\~\P{\0g\/sz,):K4\ċuxF\^b\Zܰ.w\3]<1Iqv>f \\'7U{p|\2\&T\Q8r\nR\|\'zn1\}Lu*W\0[\\#-<\\n\Zx0yazϬGKW/0TA,}-\G*U?Ѷ\\'mszGHek	l\?<\\\\(xJQm7[jYkX\sǮ!rd\9\\'a7W\wȃr&8y3&QXIBPM.D@$\dwB	8Rߙ}GZ\НTy D\*\\"ꡂqQ\\6u\\.\Z=f%R\	KT\s_̾ fˢ\\7\.\p\7\2!>Zy\A;f|\0G17E2\k7\0\u`,\\攇\X\?\\͘V Lּ\u\|԰\"\mF:]M\^HkOڕlc0*#.\N.wn\U!BZR\pGz\\e\ͨZw\Gg|[u\ZSA\\\\;\"r\~\0\0~B+\jQA\\n\E§\'N!\Jo\p\\\n\\7\#==lS\/Q\n\\\-I6EB#Z\0F\U)[\3q\9Ml<KC\\\ \YVqc01\N+U\Jt~`}KJVhwdjc_ܨT/\@R`\Ar\dQL\*WW\ayO/7\-c}\ys)q5XK4ǖ\f.\\2\55%9⑫\x37h\\2\\\'h\\Z\1Iw&UG=D2Z/6\0sƫ|\9]{fhZq9X\\MG\eτE\\3A\\\}=ׇ\\"\m\\'3.*\\6\}\0\sAn[o\i$6je(\Z?IB\#>X\KfEuq~\\,̈;\\A^O\8>,x ;,\\Wܷhh|ľX\\O&\"\\r\&1\I6OiXLST\\\Z\0\\`{fl10sH\0\yC@GR!m\5h65[5\2J\攱_07Sz\\4F\Zb\Z{![JË[838m\.S\x׉_\Q2\r\6\/\5zKa\\\q\OLL3\	3-</.?ԙ\	\AKx\Gd4\MWDz.~YM\)\y}@Z\aPG/r\\81SO1`\,\a>ɿ\\\.\0JX\Z˽a?I[+*~eTn\P\"\3ω^o\>\G\0\\\0\՜A\C)+~sx>\^U{0\5\Z1s\"V\pq(R\c\\0u1\/\O_)WP\\įi\j\'H>&:\\j\E\oܭ\\\0!Ow/G\\*!m2x$\zQ1z;2n}rQ\\n\C\^\\qhao\@@TTں\'p̧z:x\-=J\\Ő!\g8栻\Gs|wO;11xc\'p	}\\m9I\>Lmj5v/\əвma\gs; <F\\0\r!m%p7\<o/x_d\\.)]#ݕ\Re]@OHK\Ziܯ\\ooD \SJ|&dl=\;\\`\ߩtD\r\\(oHG?V{#\\0\0\0\0\0\0Q7x^qS\\r[\\6\O.\<g\	Ԟ|\0l\pmo\0|\\j N\\Q༻\"\\/	W+o\\\ydR\.w&	pE\<)%\0*~\Z\\\Z;i\\[=2\\'Y\\\.Eʨ.\B\\BJ\\nPm6r꬐Kpn^\I8ՇX\x\ɂf4`rr\Zls.ߟ\70\\P1\Wïr	2S9<\0\p\8\\p=0ojSFJ\%쥐4^jb\0\u\A`{\\0 \0\0\0\0\0\0\0\0!1AQa 0q\\0?\~9?Ђ]\\$t_~؈p\ʺ\\ǀᤋ,}\\!68fV9w6E\,.OAd\,\\c\,\:Om\\\bet \\A\g.}R2]4Nn\\\\K\';Gv\0\\\}c\\\G\\w\`Ag>7n\.3wtÁ\\ce=D11ߢu\Ν\6\\n\`ٟ+f\\\s\\K\0\\7Y\>ٴv\R\m=c~8\و%\\K\\\%\\D\s[$\\I\!m\6v:\O\K\bMWY6r\b\ڃ-M\l(Ʉ\'Ooeټl\ެ\0\۴f\\iɎ\c\\\\qCՙԻ\\v?ܒ/\\\\\\0wos\\w0B{[xg/\).\.@\t\u^:\2\d\ov\pQ`n{\\'yl\ =G\n\W\\n\\\ͳ8Ydo\\r2\rYZɅac<E\?,~_\\0 \0\0\0\0\0\0\0\0!1AQaq0\\0?\__WW\\|	r]ݳ>}OXO}l\+`>D\\"\\2\/\v\Rr:\VC5\}\\HŚ[&\NZہ\q\"\\\IuZj\mvt9/ՃEk>Zv\0^ܜlcmd\-\|>I\B\Z|+Ae\\v^6\\\F7S\,]Kz\gρHÓ\nA\Ȭ蓻e#Od\'dZZrf\]YD],\Z\8{·Xې\Ak\C>\'l:\ǳ\A4e\/헨aaZ߯7Fzdr\P<${`x_vJl\\c̿\g{>e\H:E`^^\ \#>/\'\й}-{\\\#nlI\\\\'H\\Z=\]y<{5\sYm\!\O\ý&<.\ \\\b\\#ρ\\\n\aY&)iKBN\^8SI߆-ަA\}_\\kG\;\\#1\\\ϲ߻GvW\\ONnF=rV\\̺B\\<F>6mO\<0\/ޗl\\	#\>Ҿҷ\Roaosmo\\0\'\0\0\0\0\0\0!1AQaq\\ \\0\0?Wr+=a\"v@n`fd_\T\?Xr\D\\q\V%N\0W\\0\\0\\*\Z!+?OH\⥩\g*.p2\R\2\ХI!g\\\SI\Lr(!<\D\T\qAQ9_cD%\\ A9\0\S/\3ѯA\*?\\9sQ+\ۯ\\Z\	\C)\\\i\\za\$V2\s\\\Q\\c\(\_c\Z[\\\\G\\ZԺ/\08\\>\"\"u5@\	\~R/+\\-@\\LMR\Ձ\%|\=\*WL>N/\\PLlY]U\͵[\\rH(9\r[\:r\\\GT\D|\߼[c\%\\\i\\\\hv̹1\0l::@~YAexJy[\ }\9@H\\\\rBG\*\r9\i~X;[}XV\K\a\n\棘i\0\@Q\\nRHl{\%\rm#sw0\1`̬5\\O`\\6GOG\^V3L8\`؍4	\Z~vʿYR;E$cC\Rr\\Hį\n\n\m,/oEg\"\in(\'6c\9\go>e\\#$\\+\4A	\v\?*\|	\+\\~?9uyb𘘃1\\D͸\į\\\%@\Z.\CJ9y\ۑlP.k@xq\0He+#ܺ\n=0PІB>:\\b\t=b\di_<%\nXߏV #\\\\N~\1\<*|1<J-<{n*\\\`\\\LLFFMˊr\mluX*ck\\BW\5M@xxe´o\I՗Y\]}#Ce\*\/\ZE\{Dn:~zCp\0\0Z\,ʔ\'\	zL\\\\p\ \1ӈk~ \V@4폣ϴ\1Op\ś\\\lMp 0o}#͊CR\\a\\KS`J{NciX}.4c508,APCV\f\ٳ8c 12ʲIJ\\'\.P\rZ\[v.2\\JX\aġ[C\\CUg\\47\\8Q4vBT\F\\j4mz\\CptK\x(a`wa72	%~O~`#@\¼\\\\?XƪTLٍwJm\栎n\̃ʔ\0\"siYyѪ\\n~\4Vp\\rfEO=\V[˸\ʖ\PH=n\\J\\nn!̩UgCG\\Z,U\L^%V\`vՕ\0~Q\\\r\_\,+n﬩d/!AP2@]\̶g\UKMc|\~c\r\܆%\\\<a\\Gy^-;r)\!\\cdڀ/R-\\\\\Z(UdT\(@Dc\\Zx\z\R\Nj<q\\jV<\B#u\r^,^%2HRll\J\B\\?\D	\\T9\~!\Q3-cYN_v1hJeK\v\ݒJb/\Hz\\*`v\|\#^\Plt\k_{@\ϼPdf\O\}\T>v}*1\Z\\]M}c2\n\&\⑄éH+\Lc\?\\\4kGOc3`\\r.\\i`\#\^\\4(G,R@L5ǈBA\얚<\\AJq\\>Y\ŝ\w.bq\Ux?\~`\Y\d\ua\UOT>|2\\Ƨ\\oy\0^ˣ9cI/][pc\\]\'$\VQK\RWj+)%\-?޿#?p\\\y>{n\\k\\\#DQ+\yP!<uQ\E\#+&]\ZyɉLTta\\M\bv{O\\0\W,J&R\Z!\\0w\N\ⷔz\\O~a\@\,a%71g\/p.kDy\rפɣw.F*-\	\_M\k@<T`.u\Z7bs,b\"a\u\|\\Fjfԋ{\4b;E\r--\\CV\\z\W֫i\U\`x\"T\+\\"\S\\@\0w(\\P\\nHj\0\CY}\0mLI\8%\\ٺB\UQB@_EV\\܎U\\m\'g\֯ \#LXlvѶ1\fy|?XKū|\$,v\:\QG$G\İ .W{	^\'J\0Ֆ6\@cEt6K\\'p?f^V\nX\"\+?\TLz\Bhq\x̯\ ל0]\rJSK^ʡm5\Z\p\\؅KV\O(\/\Z8`\'.ZIY]\v\0\':w)o	`\K\\\\撏IEX\;K*av}xW\-Z\\\\,w\<O\uH}KWȏ&\EqM琿;%hWhq9i\Z\rl{@j\J޸\\lr\/\@B|\9\r\pUd[\\r\\\\ӟ1\=+\KM\\¼L.\0Pfz0dQ\`A\f \a;aK͸+h+\0\Z\\r\1L4bƩѫ\c!E\\r{A\\ݵ\7L#JsV5(1EjU7\\nڌ\\[<\D]V7\0HO#\Fhw\,+\\T\\"\"9k\ZRW\S\"r\\01φ+WdWO\k\D)G\r8\C4¹~%Kpd\\7rbjg`ۈE\s4mr~!\+՛R\\SJ(h1N\\\,1\75\p\\#\\\nrϘ+ԮF#1\-:w1MJL\Z̳\n=;TF\\9\A\\ \eH\\PRէ\Zw\_\.\\=!(-\1L\,UYK\[\+\¼%o}jVb:er\iK-\\\lBe\%I(U\1	iħycC\TX؜fq\0\ZGkfVEG\ Ko`Zz\oU\3X줈yH\0#ƍ>aY`EY\"Ȭ\\\˴ a8]N\\\\(v\jXAT,6,\@z2U=b4/s\R_md\ZY_\\^\n_jYe\\\Δ(,ł7%Q\PY,pP\:f!@;_\z!FU`\\B5ţ\_x\5@\T7}[~\AQt#Io3\n\\\P_\+2ꌬ^ŮͩWҘ\W	@\fS\T\n\)\ы\rVZe	7KAh/P\\F\Z\\:)6\n\\*b\&1[\\x;GEǸZ\\,+\!)\e#\0\I\\7\J\wTi\\ǴCΏf\UC[\ߑ\\K)\\;\Z&\p,	LD9!.\r\\U\\\nKn\ 1\\%Ҙ`\\"\½gxT6}R \0\%2]4~\)TN!W\rCA~\\S_?\W^o8%5q\\2\?	=\Z\IHr\cy>nUy}u.nԲ\\\npv\\i\bX[\15ڿh\\0ˎW6}!*&r\rӘu\~D!:Ry\\\-\\\f[&\̠g\j\\>`QD4!N+\pӎ\56˦ǟ\ԁEo9=sN\\\-ۡ>.[\\"~\`(;x\Q\>`D\\kk\Q.\\0Toؘb\\\\S\g\"Pr\#kP\u\\ \qXJOX5c9^b:\\W\Lg&.b\H\r\bTɲ\,\ʛ#\H\"Y\\Uw4VOm}X9J\\u\\\\\\0`S\0-*Hư1e\:j7[<\\V3o\Z;	*\w`()\\ PkOX?\\B\6|\\@5R\\Z \zE7S{+	_u\\0p\z:j\\0Ky\\\_Gtj5N\r\r\H:\Nu,7	eOx\a\\\0 h\ԤwȜԸR\QE\0Nt[	\Y\Uԕ\p\w`,7v\TVaZf\m\8k\\^w6q)\\e\r2\Z\7\r0J펇\JT\ǀ@8j}\VYe\\\d-FrrN\VZ%Ex4\\\V^ib\9Aǈ<]\.\:5Cj~YwP\e\\\ã~fڻ\.0:\r#n@TjWhq,JG\\rY\ i+Oҙ\Z@\.\r\\nZyZ\ǝ\\hqC˱e\Z\\q\	r1no0\q\^\^>!Mx\1P\\0IE\P4}4Z_@\Z3\0c	X\\\U2G<\\n\ZGw\2\u\\)u5VQHf\i\ԉt)o>\\unŊ\[lzRf\U_km5P\_1u`\r\0[Ϭ1\9p\@\\0yI5L4/JT#-u[a\!\ms\0vŝ\u\\SjX[{\t\\[_kg=\a\\\oH=\'ܔnl\OI\\Z*j\`s\0x\\ं^Zޯqn}߬\r\^\\\vV9\\\aHm\VG\	\\.Rޮ\e\'\n\HcwXa\G|}\\\Zj\.%k+9Ȭ\qr\\sER\@Uk\\ˀ9\UKʰ w,/Ņh59Vd\P@u=i1!-XzP\܀\\Ϩ{B3$!*\^Xo.&[hFA^(\f\0s[\"ru`\\\\\\\ XD \U\@\Zyˌ\rڏ\\=!^k\S#06ve\0*\0%\rR\&Av5\1z\n	\pu= j9/\ZA`h_a}\G*F[~H>Ǔq*7N\E\lCͰ\'.\\zn?p6ƩbTnP\\\"\nn@|G/ח\HmJ,\Ɣ`|ʞz{a`\n\d8\\qv?X1ޠ+\#Uvo3hw\\rHj\"PX}Ԋ))\\gG\=@K\\\\\+\0n`1}g\`{\n+BY ]qFechQh8\K^C\CkWpo\\p\E-M\4]	\y1h۷↲C\\\\_R+^\	\WW\3`\\n8|qT$P*F$\#c`\Z\`R\_gH\qK\xP$Qd\\Z^1\ޮ\&XL̜\6w^c a^Pj/\\>\[+\F\0\\\BN\"\\\+\W7r=%a\_\5fQ.S\lUSBʊ]j\O_J^˵Qb\8̈́G\lw:\o:e\\\=*+7t/\&C4ɐ\"\j6)C1fh%\r\si`/:\]\n88c\-U\f\0R00Q6rxsF<\Pxէ\nY\#y\6*ƯixPh(\\60\ֳp8\A\|\ZrQbPt\}p\pAr*t\0bkV\\̺\\\o`!n\\\ZTt\ɘ5ѵeW2ևC):rÞywX\@\"fwO5Ѽ3ƀ\\\\_\`eWe\z\ 6\\u#k@+^j\=UYe[`>Qt\/E\&\\0\EAu6S}\.T\f\]\-\|K/\"\+\\Ac\n\ZҖ87\nGj\\\*e\lLE\Z\\'V5\\ܷt.S|wj\n\t\,bCJc?\b\\;;\\kl*\ǧ\w̱\Z\ԪSkR\3\ٷ\m_\r>ҋ\ZO\vy\Ҳxj\0/3%ked\\\\\1\\n2~XdnP\LW\>b\nQ$Tr|\j2^⢀\y\i@m\QH+C\+9Ĥ\I/W\\}.i=4ʖ4pekGK!^bi쫯N=\xĦ\P%uh,\\0\Uf\ò}?\;g:\؀dB\Kr6uu\d\\\Z\e\R\\U\0N5Fu!\\z2֭MP=4\na&(ydǈy\\kX=\:۲\>j;(\qϛ@*\~_h>\t \\\\'$[]Pf \0b,&\'Xv\0}U\VuW~Yw/QI(\yP\\\?B)&\B\}!e`\\Y+_\\=`\rwF`jU\\t\Ζ\]\NH\\\I;3L\\\\\\"\0X],\bz\"^<R׋@\n`\f\\Zlϧ_K-JW\mӯT\V3\\\)peG5\-O\K\0%\0\'_o\j\W\n\nwn؏˔20-yÈ6BmS3N\E7A~\\\c\,\\\>#\\gAfء6\\γy\b\Tb8\\+Q\\\(\\]ȵ[G޼Ng%/qƈ\~\\\dH,\rpmo9#<Nk\0F\\	Z\Y\\R(pH>^X\1k\U+ȻO#\\\\0\?\ԍeдV=\ҴrJlN\:RZ\2\\\@w\Z\\0\>lT\\PDb\@\H\\\X\\B@m\4>ҝ\r\ukK#UP\\@	xY%\\r}\~,\'^T<\2ɜ\Wp70\nE;AdW\5\r\r\\Zψ\`\ZK\\/zo/g\\2	a6K\r@\\r2E#%\Ek\0\K~{pR03\0I\xSX\G\B\\P{]\]@NSB\|b\k\k\0i8_|\o\¼F3vZ=\*\W\0h8昣\'_aZ\/4\gؙ\Fh\0dSS\Zy\q0d\Qx\eU\"\\nO_\>v7*+јms]iWoǩ)\VG\ykMPKb_6%\"u\\\ܥG+xb(=q\m*Y+x\F:\Jiy<>\"!7\3\IO\\XYn4i\Ř\T\T,8*.n\Y-h\akV)U\s5,@tDš\\!62֦\\n\\\0-0hL|\0p&%l\XR$-Q;re\0\qmQ\\=p~A^%`\xrM\Z]@Un2i8@޸\SMU\01hبwW\r\\\0S@^\e\Z\?z\r\\0N-b0]Y@b\\\\X\4,.gŢN\@%Ǧ\]՗W\\\0K\U\Z%r0p\\d\\\0V\~0\- Մ\\\.\Ԃ(sS^uƠ\V\嗥e\Ǚaݓ\rU\R\\GYY`\ZP\e:0\\c\07\KUz\4\W\!Bmș(l0\g v\L[\,EY|\\ZYˉpo\ዜƗL\\QC_\qpT͝JpM\J\/wAo2\ b}\\Nֻ0QC5\~X\06\\Egf8wcTljp\[O?fnA\\y\b,\0\e3	馼UzC5hmYT\XkMs\(w\`sx;\h\QTXl\\\P\\\	m\H\1\/&?\i\\(V-Ůjx,P*%o,Qd,	AB/\n7ӿ\\\ʎ\lǤL\\0x!Z)~<A7`S#\@>`\\00Hq}!Q|{FP}#\&3U׉\\K|E[5Ԣ\rz\\',11,'El Salvador','San Salvador','Rompiendola como siempre'),(19,'Grecia Maria ','gre@gre.com','76684337','default.png',NULL,27,'El Salvador','San Salvador','La mera mera '),(20,'Gabriela Lopez','gaby@gaby.com','76684337','default.png',NULL,28,'El Salvador','San Salvador','agaeg'),(21,'Brayan el bajista','bra@bra.com','76684337','default.png',NULL,32,'El Salvador','San Salvador','sdgserger'),(22,'Pancho','chejo.lopez2015.cl@gmail.com','12345678','viejito.jpg',_binary '\\\0JFIF\0\0`\0`\0\0\Exif\0\0MM\0*\0\0\0\0;\0\0\0\0\0\0Ji\0\0\0\0\0\0\\\0\0\0\0\"\0\0\\\0\0\0\0\0\0>\0\0\0\0\\0\0\0\0\0\0\0\0\0\0\0\0\0\0\0\0\0\0\0\0\0\0\0\0\0\0\0\0\0\0\0\0\0\0\0\0\0\0\0\0\0\0\0\0\0\0\0\0\0\0\0\0\0\0\0\0\0\0\0\0\0\0\0\0\0\0\0\0\0\0\0\0\0\0\0\0\0\0\0\0\0\0\0\0\0\0\0\0\0\0\0\0\0\0\0\0\0\0\0\0\0\0\0\0\0\0\0\0\0\0\0\0\0\0\0\0\0\0\0\0\0\0\0\0\0\0\0\0\0\0\0\0\0\0\0\0\0\0\0\0\0\0\0\0\0\0\0\0\0\0\0\0\0\0\0\0\0\0\0\0\0\0\0\0\0\0\0\0\0\0\0\0\0\0\0\0\0\0\0\0\0\0\0\0\0\0\0\0\0\0\0\0\0\0\0\0\0\0\0\0\0\0\0\0\0\0\0\0\0\0\0\0\0\0\0\0\0\0\0\0\0\0\0\0\0\0\0\0\0\0\0\0\0\0\0\0\0\0\0\0\0\0\0\0\0\0\0\0\0\0\0\0\0\0\0\0\0\0\0\0\0\0\0\0\0\0\0\0\0\0\0\0\0\0\0\0\0\0\0\0\0\0\0\0\0\0\0\0\0\0\0\0\0\0\0\0\0\0\0\0\0\0\0\0\0\0\0\0\0\0\0\0\0\0\0\0\0\0\0\0\0\0\0\0\0\0\0\0\0\0\0\0\0\0\0\0\0\0\0\0\0\0\0\0\0\0\0\0\0\0\0\0\0\0\0\0\0\0\0\0\0\0\0\0\0\0\0\0\0\0\0\0\0\0\0\0\0\0\0\0\0\0\0\0\0\0\0\0\0\0\0\0\0\0\0\0\0\0\0\0\0\0\0\0\0\0\0\0\0\0\0\0\0\0\0\0\0\0\0\0\0\0\0\0\0\0\0\0\0\0\0\0\0\0\0\0\0\0\0\0\0\0\0\0\0\0\0\0\0\0\0\0\0\0\0\0\0\0\0\0\0\0\0\0\0\0\0\0\0\0\0\0\0\0\0\0\0\0\0\0\0\0\0\0\0\0\0\0\0\0\0\0\0\0\0\0\0\0\0\0\0\0\0\0\0\0\0\0\0\0\0\0\0\0\0\0\0\0\0\0\0\0\0\0\0\0\0\0\0\0\0\0\0\0\0\0\0\0\0\0\0\0\0\0\0\0\0\0\0\0\0\0\0\0\0\0\0\0\0\0\0\0\0\0\0\0\0\0\0\0\0\0\0\0\0\0\0\0\0\0\0\0\0\0\0\0\0\0\0\0\0\0\0\0\0\0\0\0\0\0\0\0\0\0\0\0\0\0\0\0\0\0\0\0\0\0\0\0\0\0\0\0\0\0\0\0\0\0\0\0\0\0\0\0\0\0\0\0\0\0\0\0\0\0\0\0\0\0\0\0\0\0\0\0\0\0\0\0\0\0\0\0\0\0\0\0\0\0\0\0\0\0\0\0\0\0\0\0\0\0\0\0\0\0\0\0\0\0\0\0\0\0\0\0\0\0\0\0\0\0\0\0\0\0\0\0\0\0\0\0\0\0\0\0\0\0\0\0\0\0\0\0\0\0\0\0\0\0\0\0\0\0\0\0\0\0\0\0\0\0\0\0\0\0\0\0\0\0\0\0\0\0\0\0\0\0\0\0\0\0\0\0\0\0\0\0\0\0\0\0\0\0\0\0\0\0\0\0\0\0\0\0\0\0\0\0\0\0\0\0\0\0\0\0\0\0\0\0\0\0\0\0\0\0\0\0\0\0\0\0\0\0\0\0\0\0\0\0\0\0\0\0\0\0\0\0\0\0\0\0\0\0\0\0\0\0\0\0\0\0\0\0\0\0\0\0\0\0\0\0\0\0\0\0\0\0\0\0\0\0\0\0\0\0\0\0\0\0\0\0\0\0\0\0\0\0\0\0\0\0\0\0\0\0\0\0\0\0\0\0\0\0\0\0\0\0\0\0\0\0\0\0\0\0\0\0\0\0\0\0\0\0\0\0\0\0\0\0\0\0\0\0\0\0\0\0\0\0\0\0\0\0\0\0\0\0\0\0\0\0\0\0\0\0\0\0\0\0\0\0\0\0\0\0\0\0\0\0\0\0\0\0\0\0\0\0\0\0\0\0\0\0\0\0\0\0\0\0\0\0\0\0\0\0\0\0\0\0\0\0\0\0\0\0\0\0\0\0\0\0\0\0\0\0\0\0\0\0\0\0\0\0\0\0\0\0\0\0\0\0\0\0\0\0\0\0\0\0\0\0\0\0\0\0\0\0\0\0\0\0\0\0\0\0\0\0\0\0\0\0\0\0\0\0\0\0\0\0\0\0\0\0\0\0\0\0\0\0\0\0\0\0\0\0\0\0\0\0\0\0\0\0\0\0\0\0\0\0\0\0\0\0\0\0\0\0\0\0\0\0\0\0\0\0\0\0\0\0\0\0\0\0\0\0\0\0\0\0\0\0\0\0\0\0\0\0\0\0\0\0\0\0\0\0\0\0\0\0\0\0\0\0\0\0\0\0\0\0\0\0\0\0\0\0\0\0\0\0\0\0\0\0\0\0\0\0\0\0\0\0\0\0\0\0\0\0\0\0\0\0\0\0\0\0\0\0\0\0\0\0\0\0\0\0\0\0\0\0\0\0\0\0\0\0\0\0\0\0\0\0\0\0\0\0\0\0\0\0\0\0\0\0\0\0\0\0\0\0\0\0\0\0\0\0\0\0\0\0\0\0\0\0\0\0\0\0\0\0\0\0\0\0\0\0\0\0\0\0\0\0\0\0\0\0\0\0\0\0\0\0\0\0\0\0\0\0\0\0\0\0\0\0\0\0\0\0\0\0\0\0\0\0\0\0\0\0\0\0\0\0\0\0\0\0\0\0\0\0\0\0\0\0\0\0\0\0\0\0\0\0\0\0\0\0\0\0\0\0\0\0\0\0\0\0\0\0\0\0\0\0\0\0\0\0\0\0\0\0\0\0\0\0\0\0\0\0\0\0\0\0\0\0\0\0\0\0\0\0\0\0\0\0\0\0\0\0\0\0\0\0\0\0\0\0\0\0\0\0\0\0\0\0\0\0\0\0\0\0\0\0\0\0\0\0\0\0\0\0\0\0\0\0\0\0\0\0\0\0\0\0\0\0\0\0\0\0\0\0\0\0\0\0\0\0\0\0\0\0\0\0\0\0\0\0\0\0\0\0\0\0\0\0\0\0\0\0\0\0\0\0\0\0\0\0\0\0\0\0\0\0\0\0\0\0\0\0\0\0\0\0\0\0\0\0\0\0\0\0\0\0\0\0\0\0\0\0\0\0\0\0\0\0\0\0\0\0\0\0\0\0\0\0\0\0\0\0\0\0\0\0\0\0\0\0\0\0\0\0\0\0\0\0\0\0\0\0\0\0\0\0\0\0\0\0\0\0\0\0\0\0\0\0\0\0\0\0\0\0\0\0\0\0\0\0\0\0\0\0\0\0\0\0\0\0\0\0\0\0\0\0\0\0\0\0\0\0\0\0\0\0\0\0\0\0\0\0\0\0\0\0\0\0\0\0\0\0\0\0\0\0\0\0\0\0\0\0\0\0\0\0\0\0\0\0\0\0\0\0\0\0\0\0\0\0\0\0\0\0\0\0\0\0\0\0\0\0\0\0\0\0\0\0\0\0\0\0\0\0\0\0\0\0\0\0\0\0\0\0\0\0\0\0\0\0\0\0\0\0\0\0\0\0\0\0\0\0\0\0\0\0\0\0\0\0\0\0\0\0\0\0\0\0\0\0\0\0\0\0\0\0\0\0\0\0\0\0\0\0\0\0\0\0\0\0\0\0\0\0\0\0\0\0\0\0\0\0\0\0\0\0\0\0\0\0\0\0\0\0\0\0\0\0\0\0\0\0\0\0\0\0\0\0\0\0\0\0\0\0\0\0\0\0\0\0\0\0\0\0\0\0\0\0\0\0\0\0\0\0\0\0\0\0\0\0\0\0\0\0\0\0\0\0\0\0\0\0\0\0\0\0\0\0\0\0\0\0\0\0\0\0\0\0\0\0\0\0\0\0\0\0\0\0\0\0\0\0\0\0\0\0\0\0\0\0\0\0\0\0\0\0\0\0\0\0\0\0\0\0\0\0\0\0\0\0\0\0\0\0\0\0\0\0\0\0\0\0\0\0\0\0\0\0\0\0\0\0\0\0\0\0\0\0\0\0\0\0\0\0\0\0\0\0\0\0\0\0\0\0\0\0\0\0\0\0\0\0\0\0\0\0\0\0\0\0\0\0\0\0\0\0\0\0\0\0\0\0\0\0\0\0\0\0\0\0\0\0\0\0\0\0\0\0\0\0\0\0\0\0\0\0\0\0\0\0\0\0\0\0\0\0\0\0\0\0\0\0\0\0\0\0\0\0\0\0\0\0\0\0\0\0\0\0\0\0\0\0\0\0\0\0\0\0\0\0\0\0\0\0\0\0\0\0\0\0\0\0\0\0\0\0\0\0\0\0\0\0\0\0\0\0\0\0\0\0\0\0\0\0\0\0\0\0\0\0\0\0\0\0\0\0\0\0\0\0\0\0\0Magnolia Ramirez\0\0\0\0\0\0\0\0\0\0\0\0\0\0\0\0\0\0\099\0\0\0\0\0\099\0\0\\0\0\0\0\0\0\0\0\0\\0\0\0\0\0\0\0\0\0\0\0\0\0\0\0\0\0\0\0\0\0\0\0\0\0\0\0\0\0\0\0\0\0\0\0\0\0\0\0\0\0\0\0\0\0\0\0\0\0\0\0\0\0\0\0\0\0\0\0\0\0\0\0\0\0\0\0\0\0\0\0\0\0\0\0\0\0\0\0\0\0\0\0\0\0\0\0\0\0\0\0\0\0\0\0\0\0\0\0\0\0\0\0\0\0\0\0\0\0\0\0\0\0\0\0\0\0\0\0\0\0\0\0\0\0\0\0\0\0\0\0\0\0\0\0\0\0\0\0\0\0\0\0\0\0\0\0\0\0\0\0\0\0\0\0\0\0\0\0\0\0\0\0\0\0\0\0\0\0\0\0\0\0\0\0\0\0\0\0\0\0\0\0\0\0\0\0\0\0\0\0\0\0\0\0\0\0\0\0\0\0\0\0\0\0\0\0\0\0\0\0\0\0\0\0\0\0\0\0\0\0\0\0\0\0\0\0\0\0\0\0\0\0\0\0\0\0\0\0\0\0\0\0\0\0\0\0\0\0\0\0\0\0\0\0\0\0\0\0\0\0\0\0\0\0\0\0\0\0\0\0\0\0\0\0\0\0\0\0\0\0\0\0\0\0\0\0\0\0\0\0\0\0\0\0\0\0\0\0\0\0\0\0\0\0\0\0\0\0\0\0\0\0\0\0\0\0\0\0\0\0\0\0\0\0\0\0\0\0\0\0\0\0\0\0\0\0\0\0\0\0\0\0\0\0\0\0\0\0\0\0\0\0\0\0\0\0\0\0\0\0\0\0\0\0\0\0\0\0\0\0\0\0\0\0\0\0\0\0\0\0\0\0\0\0\0\0\0\0\0\0\0\0\0\0\0\0\0\0\0\0\0\0\0\0\0\0\0\0\0\0\0\0\0\0\0\0\0\0\0\0\0\0\0\0\0\0\0\0\0\0\0\0\0\0\0\0\0\0\0\0\0\0\0\0\0\0\0\0\0\0\0\0\0\0\0\0\0\0\0\0\0\0\0\0\0\0\0\0\0\0\0\0\0\0\0\0\0\0\0\0\0\0\0\0\0\0\0\0\0\0\0\0\0\0\0\0\0\0\0\0\0\0\0\0\0\0\0\0\0\0\0\0\0\0\0\0\0\0\0\0\0\0\0\0\0\0\0\0\0\0\0\0\0\0\0\0\0\0\0\0\0\0\0\0\0\0\0\0\0\0\0\0\0\0\0\0\0\0\0\0\0\0\0\0\0\0\0\0\0\0\0\0\0\0\0\0\0\0\0\0\0\0\0\0\0\0\0\0\0\0\0\0\0\0\0\0\0\0\0\0\0\0\0\0\0\0\0\0\0\0\0\0\0\0\0\0\0\0\0\0\0\0\0\0\0\0\0\0\0\0\0\0\0\0\0\0\0\0\0\0\0\0\0\0\0\0\0\0\0\0\0\0\0\0\0\0\0\0\0\0\0\0\0\0\0\0\0\0\0\0\0\0\0\0\0\0\0\0\0\0\0\0\0\0\0\0\0\0\0\0\0\0\0\0\0\0\0\0\0\0\0\0\0\0\0\0\0\0\0\0\0\0\0\0\0\0\0\0\0\0\0\0\0\0\0\0\0\0\0\0\0\0\0\0\0\0\0\0\0\0\0\0\0\0\0\0\0\0\0\0\0\0\0\0\0\0\0\0\0\0\0\0\0\0\0\0\0\0\0\0\0\0\0\0\0\0\0\0\0\0\0\0\0\0\0\0\0\0\0\0\0\0\0\0\0\0\0\0\0\0\0\0\0\0\0\0\0\0\0\0\0\0\0\0\0\0\0\0\0\0\0\0\0\0\0\0\0\0\0\0\0\0\0\0\0\0\0\0\0\0\0\0\0\0\0\0\0\0\0\0\0\0\0\0\0\0\0\0\0\0\0\0\0\0\0\0\0\0\0\0\0\0\0\0\0\0\0\0\0\0\0\0\0\0\0\0\0\0\0\0\0\0\0\0\0\0\0\0\0\0\0\0\0\0\0\0\0\0\0\0\0\0\0\0\0\0\0\0\0\0\0\0\0\0\0\0\0\0\0\0\0\0\0\0\0\0\0\0\0\0\0\0\0\0\0\0\0\0\0\0\0\0\0\0\0\0\0\0\0\0\0\0\0\0\0\0\0\0\0\0\0\0\0\0\0\0\0\0\0\0\0\0\0\0\0\0\0\0\0\0\0\0\0\0\0\0\0\0\0\0\0\0\0\0\0\0\0\0\0\0\0\0\0\0\0\0\0\0\0\0\0\0\0\0\0\0\0\0\0\0\0\0\0\0\0\0\0\0\0\0\0\0\0\0\0\0\0\0\0\0\0\0\0\0\0\0\0\0\0\0\0\0\0\0\0\0\0\0\0\0\0\0\0\0\0\0\0\0\0\0\0\0\0\0\0\0\0\0\0\0\0\0\0\0\0\0\0\0\0\0\0\0\0\0\0\0\0\0\0\0\0\0\0\0\0\0\0\0\0\0\0\0\0\0\0\0\0\0\0\0\0\0\0\0\0\0\0\0\0\0\0\0\0\0\0\0\0\0\0\0\0\0\0\0\0\0\0\0\0\0\0\0\0\0\0\0\0\0\0\0\0\0\0\0\0\0\0\0\0\0\0\0\0\0\0\0\0\0\0\0\0\0\0\0\0\0\0\0\0\0\0\0\0\0\0\0\0\0\0\0\0\0\0\0\0\0\0\0\0\0\0\0\0\0\0\0\0\0\0\0\0\0\0\0\0\0\0\0\0\0\0\0\0\0\0\0\0\0\0\0\0\0\0\0\0\0\0\0\0\0\0\0\0\0\0\0\0\0\0\0\0\0\0\0\0\0\0\0\0\0\0\0\0\0\0\0\0\0\0\0\0\0\0\0\0\0\0\0\0\0\0\0\0\0\0\0\0\0\0\0\0\0\0\0\0\0\0\0\0\0\0\0\0\0\0\0\0\0\0\0\0\0\0\0\0\0\0\0\0\0\0\0\0\0\0\0\0\0\0\0\0\0\0\0\0\0\0\0\0\0\0\0\0\0\0\0\0\0\0\0\0\0\0\0\0\0\0\0\0\0\0\0\0\0\0\0\0\0\0\0\0\0\0\0\0\0\0\0\0\0\0\0\0\0\0\0\0\0\0\0\0\0\0\0\0\0\0\0\0\0\0\0\0\0\0\0\0\0\0\0\0\0\0\0\0\0\0\0\0\0\0\0\0\0\0\0\0\0\0\0\0\0\0\0\0\0\0\0\0\0\0\0\0\0\0\0\0\0\0\0\0\0\0\0\0\0\0\0\0\0\0\0\0\0\0\0\0\0\0\0\0\0\0\0\0\0\0\0\0\0\0\0\0\0\0\0\0\0\0\0\0\0\0\0\0\0\0\0\0\0\0\0\0\0\0\0\0\0\0\0\0\0\0\0\0\0\0\0\0\0\0\0\0\0\0\0\0\0\0\0\0\0\0\0\0\0\0\0\0\0\0\0\0\0\0\0\0\0\0\0\0\0\0\0\0\0\0\0\0\0\0\0\0\0\0\0\0\0\0\0\0\0\0\0\0\0\0\0\0\0\0\0\0\0\0\0\0\0\0\0\0\0\0\0\0\0\0\0\0\0\0\0\0\0\0\0\0\0\0\0\0\0\0\0\0\0\0\0\0\0\0\0\0\0\0\0\0\0\0\0\0\0\0\0\0\0\0\0\0\0\0\0\0\0\0\0\0\0\0\0\0\0\0\0\0\0\0\0\0\0\0\0\0\0\0\0\0\0\0\0\0\0\0\0\0\0\0\0\0\0\0\0\0\0\0\0\0\0\0\0\0\0\0\0\0\0\0\0\0\0\0\0\0\0\0\0\0\0\0\0\0\0\0\0\0\0\0\0\0\0\0\0\0\0\0\0\0\0\0\0\0\0\0\0\0\0\0\0\0\0\0\0\0\0\0\0\0\0\0\0\0\0\0\0\0\0\0\0\0\0\0\0\0\0\0\0\0\0\0\0\0\0\0\0\0\0\0\0\0\0\0\0\0\0\0\0\0\0\0\0\0\0\0\0\0\0\0\0\0\0\0\0\0\0\0\0\0\0\0\0\0\0\0\0\0\0\0\0\0\0\0\0\0\0\0\0\0\0\0\0\0\0\0\0\0\0\0\0\0\0\0\0\0\0\0\0\0\0\0\0\0\0\0\0\0\0\0\0\0\0\0\0\0\0\0\0\0\0\0\0\0\0\0\0\0\0\0\0\0\0\0\0\0\0\0\0\0\0\0\0\0\0\0\0\0\0\0\0\0\0\0\0\0\0\0\0\0\0\0\0\0\0\0\0\0\0\0\0\0\0\0\0\0\0\0\0\0\0\0\0\0\0\0\0\0\0\0\0\0\0\0\0\0\0\0\0\0\0\0\0\0\0\0\0\0\0\0\0\0\0\0\0\0\0\0\0\0\0\0\0\0\0\0\0\0\0\0\0\0\0\0\0\0\0\0\0\0\0\0\0\0\0\0\0\0\0\0\0\0\0\0\0\0\0\0\0\0\0\0\0\0\0\0\0\0\0\0\0\0\0\0\0\0\0\0\0\0\0\0\0\0\0\0\0\0\02019:08:13 13:41:50\02019:08:13 13:41:50\0\0\0M\0a\0g\0n\0o\0l\0i\0a\0 \0R\0a\0m\0i\0r\0e\0z\0\0\0\#http://ns.adobe.com/xap/1.0/\0<?xpacket begin=\'﻿\' id=\'W5M0MpCehiHzreSzNTczkc9d\'?>\r\n<x:xmpmeta xmlns:x=\"adobe:ns:meta/\"><rdf:RDF xmlns:rdf=\"http://www.w3.org/1999/02/22-rdf-syntax-ns#\"><rdf:Description rdf:about=\"uuid:faf5bdd5-ba3d-11da-ad31-d33d75182f1b\" xmlns:dc=\"http://purl.org/dc/elements/1.1/\"/><rdf:Description rdf:about=\"uuid:faf5bdd5-ba3d-11da-ad31-d33d75182f1b\" xmlns:xmp=\"http://ns.adobe.com/xap/1.0/\"><xmp:CreateDate>2019-08-13T13:41:50.989</xmp:CreateDate></rdf:Description><rdf:Description rdf:about=\"uuid:faf5bdd5-ba3d-11da-ad31-d33d75182f1b\" xmlns:dc=\"http://purl.org/dc/elements/1.1/\"><dc:creator><rdf:Seq xmlns:rdf=\"http://www.w3.org/1999/02/22-rdf-syntax-ns#\"><rdf:li>Magnolia Ramirez</rdf:li></rdf:Seq>\r\n			</dc:creator></rdf:Description></rdf:RDF></x:xmpmeta>\r\n                                                                                                    \n                                                                                                    \n                                                                                                    \n                                                                                                    \n                                                                                                    \n                                                                                                    \n                                                                                                    \n                                                                                                    \n                                                                                                    \n                                                                                                    \n                                                                                                    \n                                                                                                    \n                                                                                                    \n                                                                                                    \n                                                                                                    \n                                                                                                    \n                                                                                                    \n                                                                                                    \n                                                                                                    \n                                                                                                    \n                            <?xpacket end=\'w\'?>\\0C\0\n\n		\n\Z\'!%\".\"%()+,+\Z /3/*2\'*+*\\0C\n	\n***************************************************\0\"\0\\0\0\0\0\0\0\0\0\0\0\0	\n\\0\0\0\0}\0!1AQa\"q2#BR\$3br	\n\Z%&\'()*456789:CDEFGHIJSTUVWXYZcdefghijstuvwxyz\\\\\\\\\\\\\\\\\\\\\\\\\\\\\\0\0\0\0\0\0\0\0	\n\\0\0\0w\0!1AQaq\"2B	#3Rbr\\n$4\%\Z&\'()*56789:CDEFGHIJSTUVWXYZcdefghijstuvwxyz\\\\\\\\\\\\\\\\\\\\\\\\\\\\\0\0\0?\0\qޜi+6\"TҒ3\F\\ręL\ZZ0\'\~hhj\\0bZ\"B\L~\)\46$\3^\Bǚu0CcӘ\\\"<\5(\Hƪo\p4ŧUM\&839횏1S\b^\g\sZ)&!N(>Ԝ擽\\0\\O0\)p Qh\i\Zw4H((4\N4\Q!=E:O)\LLQKEh\ZKE%Hө\\0cid\nq%\%8)\dQ@\R\7o4R\C\}&9 4Utޤ8\&228OJ1\U+H\x\M~iW}i\\5%Fԕ?n.xRYTL[4Px\S\y\ڞ3޶-D\\y4֭dݮ!\M)8\M7\\0I4֘\q\\n\S)G)?0#\UI6\\sgF\lU~\ғ\\nIk}`\}\Z\\nea\\0^\W5T\,\}sxO\e#\\ ((aٷrz}\rO$\:7TEVr)Z̷\\Hq\0}\n&0r=kNu#\'EQ@	ڟL\O,(\.3\%\nr\EJ\c\Sۯ5:ԜU)@\;\JQEi\J:R7((h1L~\\\P\\\3maROB\\\"qjxZR\\ڰ_Q\RPVD\\Ȥ\[bm?hq1]t4~4\"v4\n6zuP\r\Q\8*U	\go&\EF7c8.p?d\jFL:֪\]~՝$ A5\:\ҢdBf\pĞhCR1䞾\)6vƚBK;\Q+yo\=pEUrX\rx\\ԌNv\sOa|ϴ\0F8\0bH\1?\5)\Fy\0&MJ:5\@\\\!B\OM_F8\'\0NxV\c\0\\'\0+ThͶQQ\\\De\\yWOB*qڹ]?Wi\\Wa<`\0Z\`:ߥtFW8\c\S\)մLQEXY\\uj~j\\`r\n\U9-$\PM&h5$\֟Q)\<\2^㨦y\\)7zPh\Z\CZ\g֔y\:(\M\0S^:M~1>\\\R\R\sJ()S\0\G\@\@Bw~w\\nh\04Rw\'@n\'\X7\\ZغEn[3\\\ϖ$u\rV;p\\\ڨ\W\rxf`\N+͞l(IW\&ru9\W]\ʞ}\$\\ט\x|~NV\ny\8\i\T\\\\nN}+6\ܩ,-\Py\\r\⥸]g\\F#ҁ4hC)5A\dtV\"ǯPs돎\@B\\,	>\0\]vs+:cO$]4\J\\˶[æ\Wcir\\?\]dVehcHERςך\:W:\ʃKLG\r\>brQV^ {%d1n{օd\\\'Βf$\\0\Z\\Aޚ5!i)iJ\2R14biwQ\\\\P6q\ .isǵ\0L\\\^\'&0\"T\4\ \5ښN+\'sE\\rYZ\.\MXuF\>\-:\|\\HH\-\0\w\-%!ȥ\1zu\V LBsץ\0:{\)\\@!\5SLM^mt\k=Y\\`\rg\02wu>RJ\3\~\Px\vS\qQ\˸\r\OէRӮ*)\ 6j\1T\g*)Q{W\ɼ}\\q\+(1V\'#֝\\VD=띭M.g@9>x\\w+\Z+*\=Ozɻ|\֤/1\\0⺍ei\\\	<\\?5ǻ9\{\Zox\2b>l_润\\*F\\\\ho5}u\<Y7\Rk\R\K`\\].<rN\0㎹\]h\\X\\\0Za$!=tD\{QV#\\g\\\\`7d˰\0tc<3,tWv4k;Gu\m\<\ZR\\2\*j\\\Z\8h޽\LNݩ\A\\\h\ZadV{\"$\^е\|Ҕ\n\,#\9lTk<7(Zˮ\\^\G,O\@㩣*?<VU\D{)ppjuAw9\$+\5J\Jx\)ciå%8tO4\oZ@.&xLJ_,PN^a{ԞX4l\-Gt3}=Z,S\\\CI4N\O\"\zS\n#\0g~ӫ9	\ \\Z\Z\\$\ǩ\+\ѭ\\cn\Sd\-G5\\\V=:wQ:i.O\W;S\n]C\3\\x\G9\c>\]w&K2̅\TJM;0\n-ڈ߹$\\]\$p?\nJZ3ֱ\V\n}P\\ӗ6o \0d`\\\\\ʑ}i\V\?\\bF9eB\~	֭dO.\	$6=}8\Z9I1\x;%Cֱs\55\\巗#2\0\YCğOEqW4\\|Vی*\6T\T\Z\\0*$~\\\\\\prG+ѵ\"˵K\'\00\0\Ҹ\5m\-HL\03Z߮pcs\\0Z\\皹隗\\\٥\\ʤ`G\\е5\\"+^A\\:\\3\Our\\v\\ҽ\\\OMv}էJ^^\\\4\\QE\yt:=̽2Oo?7%m\;c_\Zfsg\<\Zʮ\:p\!ѯJ\\\\*\}A9$\+P\ύ}\^V4}\\$\\c\ߕ]\J\\R\ں4GQv W;PX?tW*ܞ\#;oAW\ :S bU\\ 6ъ3Ҁ\ZS\'& 0U=zQku\\:\\UH7\\b\ndTR.<ShiGJm*\!\\֔@N:RR/\*\>:w4\F}((#\)E=&\\eU\\\\h\OF%\0\\K{\<V\|\={Y&݃e7 <\@+\\8^8\\0%ƨ\wS\$HKA\].f-4#\NC\0M\0\0\"r\ VS$\D\)Mь4H\|O/~7uϭahqƧ~`[ijP\N\[],A\65u:\\\q0\#;\\.\\8\9\a\K\q#xmزƑ\>Q\\[\\jV+(\\n<U;:.\^\fW\\Z\8)4\\\+SOЮgQ-\A\5tI\!\Ǒ*y.\\\1\ƹ\\I֏\.Xq\VW!w\r\r\\Ԯ\\\O8vާT+Y\!\\q\\\0:\\\\\\8\\_ICA\Z\x\\NH8zX\I\\9Fp^k\\\rg\1K1\/\k礌\2\\(jl\\8\\7JSc\Ow7袊yJoz\\\ܤ}}\rֻ\=Fu\߽hͪy+\ݫ6;v1۞s\\\e-7:\Qzל\d\+\-]9\W\dOz\kg\2q&h\y/\gѳlf\\\Zp\Aޝz\u\:ç\c۾o\=FW~\#\\+\<NS<\\'Y\"\4\/\z\0t搎\r:\+HHb\h\\?5r\8\\稡C֕i3\*\ 4/ݥ\H>\d\(\@\0\\Ph\0N\@Ӯ?\<\d$\\VIع\0\EqԲ\x\;IX#GFXm\H}?\Wĭ7\0l~KG\\0\\I\\G?Q\Z*`G\\Зs\>pͷ\0YY].gZ2>\4kR\0Ig\rVRkWSH\\.q*9\ZFD\+\Ua޻8ekl\}\Z\\\O\%f$\qucHӌ\kt\\h^ȡ\\zW3Mlzgֵ/dvB˟ʹBf\=u&VAܶFsߚd#\\wqMRLz5Kr7\\jhj l\\_\Y~B	G\v5\0o!z\gS-4\\,g9\#a\\I&c@Ю<G\\[H\}\[)mC\n\5\n;\00r#a\W\\\0y\0k\f\\\qWg\AEWQ\fO9w*\P3\"84Ӄj\n2ڸ;RI\ S	ïrV:\e\nB+\\\"e\\מ\\/%O\0\Z\_\җ[ۨKj\\~\O@Z\<}H0\OOMp\ZNi\r+\'~\FK?}f_tN=\"\Ъ(jzA-j$\֜#\\]gq\Z!\\}\:,\})\t4\nMg7$հsY\M\\qW#85w2E\'\4\oBOJC\u(-ץ&;\rU>8\\- QJ[\Tؤ-%\Ӆ7(\HLq\Mh	.j \gҢ\F.Q}!O\O\UÚdhM\rY\nwL¹;{U\;~	5\k\\e\0\2\\ȮW쌗&B2@?/J\E\T\r9d;\\\\˙ln)\'#~x\\\S\nHfP6\\\\:|\\\j\Z|\m1\9/wo#\+)Y\(X\\U7/\\Ұ\\s\\\\.|\VMUFe;zs~sXҭe\\2\g\դ<\JIT\r\\pv34n:?Zѳ\`\Ds\|<w\?]f\A\ga!Yv9\9\Ӛ\]	fE\M!򷒋߿SIͲ\]F\\2 \s\\\\_[q;WS\Q\&$\0z\\\\5۵\\VL\98\9At5R\\\ Vlu\S۩2|\j\\46\uA	\\\\$v\AT(6\>d:F<\Tx\0W|6Ӿ\\}ͷtx|?b\r@9=k\\yן\\#ܤx<z9ߖ\֟T4\F=N\+\\"̻X\;U\簢*\cI?)b=E.v\\&DgJd\s\\k\\\S\ڡ\C@<\Z\#\%\n\k\Kr vA2[q\9\;$\e>[ʓ\\	}\k^\S.\#&Df#O\\\u\\\\'\\0?[Ҏ.\\j}l\r(\\ yA)J{UM2l\V?\Zs޽,x;\nEE\\N=\\F\l뷶*9Tl0\WY\RVL\ZtjO9\o\\/2\ ,\\ؖ\jc\)c\ṣJzBߖɧŉqQ m9\®C\nCSZ7\nzn)|KzѸQ\Ƙ )ۅ\.\'=)<\;\ZM\֍\nK\p (݂,zS\\0݃Xi4Q^EQ\M\0DJ\6\\npu%\'08\ksuM\D\\'\\W%0.\\F;xo\\pX\0Ҳp8\\;TU$:(T[rJ2\#:\5ΖKh\\\w\0\WOtGjp\\0\WV\S9y-\Z﹝\N3\1@<\$kɮ\\",Jq3\\0\]\؜\gRm\V\p\wvӚزlF	\^Vۤ* \\cp]<\\\GLsۧ#9泊;!\m|/\B9=\?\Zo?\7\ᙹ\\F}?Jq}Wd\\\\0\\?{\\X:\coI\+&\\\F\:(\0a\O\8\0>=o\\\эE\kR6]r\& \'9\kn\\[bmv\nǐ\\ʺ!Br\\\;|9nHX\V\L\ڸ\<w\0\Wunm\*;̿*WMeyCQ\0P\\6s\z\5g\rL\\\\㹹\\x<\]\\\0\t\0xMm\?\t\Z%,?uxeι\\ٻQMO۟nТy\\r\\\r\\&\lX\qgf\M\?Z{3\o\dF\pI\\G1\\\\\y\\d\0*+{q^FD\Nt\=dyV\F\'U-i/?\*6\\ô\,{\A\\j\qY۶\v>\Vmv/D;w&wHp\\E9T7?C]\0z΍\{Οjf4c\zR;@3\oSH%|\ԛE4\@\r\~\:R&>O\ΐ\ #AP\Z\0\I?\`QR\4\J?\}_\i6Zn\h;\rsGڦ\E-B\yz\Z>\?\0.N\0\V\\'\jqC~\?4mTu&\E\c5k6ր\:c:*\\,z\\\\\70\n\\\uIt\\'j\Z˾\\Ic\\]Ly=:z\KMO:*\Yu67\!\|\\\0SW=\qr!\6Pdm\J\\0\x\\\3<<\Y؜\\	kz4\Pag^f\ß\\UL\ZT\jxJ{Yq\\i~U=XZXA@\1\x\8=\Z\\S\\߸<W=O>n\E$d4Lc d{5\N+\[\ZmIp,0A\w\g܄J\;Ӵm^-B\	ِlԷ\r\!\d׍(sjZ_f\#&a嬏Lw\0&\'fR1;ޟ\Wnv\g\Yaa\A\\ɬ\\\U\\+\)Vr:\\0/Z\\.\$cl	\\q\:jQXV(wgNGq\9V\[rg*jy\\'^I<t\\5\N8\b#b-OT\rp$Ɍ$\z>\n\7\[N(\@Z\\>l\k;]E{Y<˴\0.XP\R9\Uw\V\\\,ќ	`\Zkkg[g\\\lKkۥ`p:V=I\`\\]ϖ9>Q\\f?Y\nx\cԷzdН\>/#\f\\\W+60}*=A\=\dD\\S\QԲ\\$\/\#\\n\\ЎF~T\m,\77r,;q\\`\s[\>&6\VH\"\!}ɮ<LT\c\'	\\_\s\]ƿ\m9o\$V4~_NG\Ey~ơ\jeO\\s\n\$\'k\5+ىhR5=ɯJf̻\˘K\d\0\^q,~Abd.G@Ep\I;3J\XlovϢl\ڢ\cxV@[\ZV\0\Zo\\\0\er־#X\\\q\V&yFr3\ͻG-\%v\bF;3֡dYz\r>+M_\\Z30?\\C\[]1wW<\Ǖ\3EUZ8\\I\\n	\f(O)>a\x\JhU/\A\QIxH(~R\NkXS\"UVěN\y\i\Dw9SUUv\lg\X:ΰ63\wS\\\\V\\{\\Z4V\^{$\ZG?OZb\\\'\0XRYh7ϹԨ\z`F\'3\O\ڜ/\"\\' `WA\\\\H\~\C\;eJc\\4\\w&T9i\\\L\ۆ\3iQQ\"U\\WCu#\07#ڣ\/\F*ȋO\\Z!\Gzoku[\\\'\b\ss\\\#\24\9\&\$Nͧ،ܘ\X{\0<QǶ*ȉٴ;\sw\\/g\0\\x\s\rާe,@\x\#J\zj\5aj\\ZS>\$@\oQ{9\09HtB_[\`}#IC_򻅎L+8Sݜs\L:<|yҁ\\Tw8?)\WʳV\R>Q\O\'9M2\\?Kya\\;t\\8\0\\"#`\^\iG[&J\ث4LG\0k<O M{܇\\W] \o$K!}ޮ\~\/*F6}ݔb\"\q\^iy\;\0sc*;720HB\Gd\+=\0\\5~Ԭ͛%\\pGaTɷ˷\=\rYԔ\mݗ\}\\A%\\dϯU\ޗC\CK\0,ESG\V %\\1\p\\\r\\9\MZu˜\\\p\\C\b\#\\VU4\\\uW:R͛oS\+guiuIQ\Ʊ<cfxJ\>\)n?y#\'tx%=$1뚢/^=k{}cGp F\\\s:6ڼ8Ҍ\r:c\*/ʠ\\\<7qOnIx\\{֎w\ihFF1\=N\yK{\\O~pP>c\\"HJRŃTɳ\\)\W\\\\0\}\\+ \wӤS̫Q:]\r|PN)7SO\YV94ZCGjJ\0J(\nB})RPPh\}(zu`#\0sM7ʜ\\Z\|9tn\#	\\Z\ssY\\'r\\o1\\1\nlS\qNM\\@9\w\5;\X\&y\\L\k!pU$Vq\7;gȬC1ao<z\C\Ag^3P\?ެ\.^\Nn7v\n\ط-\Kʞޕf\<)f\\PZ[\\ɷ\_Γ\\E1\\E=}\=9\0\TCRp_`ܑdy\/\\Vp\ZV\\\\\`)#ӏq->\v\Jw<\\ZSY7\\yus\^\mFq?\R\\Z7qM+Qp\0\~o\\ڻ4ؚЮ\F8\4\>A嘈\nP\\\{Ek<Otd\\_\\=\{ta\w\}r48\)\Q\f=\0\\ں߰C\mR\r=p\v\S\G\sI0Ϯ_jʷ\}\\;^\9\	\ÿҙ=\\\'`:g+[Q\r61-\W;s\7e\"\Ү2mh⓽ȣ\\vw$l~v>ڲ\\|!;LqUd\/|\h?\Һm\'\F\$.ǐO\r\&\/\'\ruZBJ\[@QUx\l\_-V#\9\Z$I#T\"\:\投QQpy=\MU\tY\ro]\+\k/-\\kyFVT(A&$\\\\~\r?Roݳ|<g\nk_<\"T\n\yW\k)-bh&\a\\\0\/VFm\\0y\F\SS\rR\}ś\\.\\E˰\Es\-\<\\,*#]O$\?Z>s\Z#:بZ:OI+;X\a8\\\z\\2ǘu?\޼\&\nA\t:5Q\3a	{\<-n\eI㪟o\\\\5\\\\Zb\>a\0֮\\\Haiqї\\^T\\\\"\\nBkA3ER\0&Mϭ\0-*e$(\irھ^{Wj\\5(XINgܚ-\\0;\Mp0y7\]\\\-5\o\\kA*dx\\\0תO\i\?j\0rhh~\\\I-\U{p\f֓\a\(\\\K\n\u\*H\s\M=\z\\J\ci腩Uai+k 4V\\\R4\\SocH\\#L\n˶O\0\09\\T\0\h7AvqԷ\r؜֟2ߩ\|\rq\\\0\+\'(ϙ\"=K\r\\?U$HO|*\\\r3Hp9\\wͽЕpAZQcޢ|dp:\_R\7\w\U-\{{tYO\(\n9 g\?*M\O\0Z\M;\0Zp$\j>lqOV\\0?\J\L\<L؎x^rK#Oz\5E~#\\$\y`8=;}+X\ѱ\\i6*nQǸ\]\0Չ fu\>Q2eX\Z(;=OA@\c$s\S9l\Mew\$%\E2jt搜ө\xy\\\C\\0\"T\0L9{=q\\\]Ma\E\m\dHO\'s\\Ǿ\\HV˫}\?.QG\|p:W\\NR4b]\~yTJG4\[\ed@z\Z֞DX\T}\\\G-Ш\rO׊б\0\\k!HT\QOހ=kú\|\0X`\w?oҷ\.\A,co\KC\0\ӵ\mIM\#8\\F\'=\4{8#*\ \k:0C\uHc#$H\r\q\\WW\gKgS{\\'i&4jK)\iۮ\\_\\\}bk\Z\\i	\3͏h&TP\ \"&\\01+4\\Z\";aF~d\`\:(\Uo\0R-=\/X\uӢsʩwn=q\+2kR\\'s*-\z\j\;\e\,\\1\n};\hۮsMTX#\lQ%[\*\f pd`=X\\\0-9 S\\\lw\\Q<\+5.\|Z.\\\\3Uba\Z\\\0yKR%\'ޢ\s֗\\\\BBzʕW-\LNܽ\\Mi\^\rHwaI\T%b\1\Բϕ,:+Ff\&y	E[pFWv~n\NGj\*\\oWcj\6=H\R<\k&\y%C?\ԏ0?M[?L6:\K\'\<c\JFƢ\ \\?ҒB\A~UB\A󩼥\Q9\XSB1{\naqץ;F\޻r:z\\0] \\\S\?\n\U\"\Aj\k\n3\Fp\n1\S^\:{kϼAnm\\w\0b]M}|͠guQ\$\\";Q3\0:\$\&1\\0\VrN\,\=\ -,v\\lm\2O\Zb/\'P?K\\rjȮ\ڃ ފ5\gj(\a\v)2i(\0kʽ\'q\b\\\WVMr\}XG>$ǩ\\?Z\\\)4cY^\'k7\\\Bߺ\֝5\\\+RYG}pG2N\\ܜ\\yE#9\~On+r\mǮ}=\I\"\\x@}jKK3[F\ޕ9\}h\4@8\h`I+ӵ\Y\c!FN\kL~Lc\ҩ\#\\	Tdn\Z\ZWOI׮s\"\g\0\k7H^YkL+[֧d|ˀ\\\ݼ\g6\\@屺r\f\O\A`\\yLY24\\\\@f\}G#>\\\\+\6Fx?\R߻!\휕p8oN@tF\畞\խ\9s \*J};z5&\墙zuk&\0\(\9\;\ZOm+\"G֟\klo\\#\\s\'͜?\\\ޝ\14\)\oq[\\qbg\'\8\0\Z\;\53ʵ/\\ʌ\\U\&\r\zp2}y\nu\r\@3l\\\,n1\'\n\Y\\x\0x\U\b\]jIsqVK폠\#j \_G\G\㧿\\\\]\\h^o|\\\N\W\x\3\\0\TXw,+&\#?֠-\*7$M&{A\\\\\7:g\;՛h\3\\N\Mm\G\j\0p1ڈaj\\\L8q\oƗ\7\4q߀=\Z\ƚ\rs]\u\0\1$\zSlrM\UX^ǧ9\0\\\Y8\\w~?\\\"A\oJR {G>_Z,1\ǹ\\E\\N\r9gn\Cvһm\\y\@F\\Гa^Ƃ\x\صQF\@WE}1\\㚯[%地;]v8\W,N$\!\{``ؓ\npOj\r\s6)!ܩkP{\S\\T\rUv\T\ey~Px uSs?(^nb\\?G+[=\r\\sz\\b=?e:^iu=!nnlY\~%,U}\3\##Ҫ%) qMX\Q/Eԗ39\ck{\[HbVC\\0J?\\\\\r\Ԟ\sҼQ,)2n9A۱ϦG⤏Qq)\n\\Q\}imP\\t\Җ\[\\^rzS\p%+\n}\\cG+}M{s1MC\\\0\n,Kg8\\ը\\1 5)Z\Wi\1\%qzN\̻=\0\\^|9\{+\Ӯ1t*=3D;Vx\U9-\k\A$;\.8\?QW\'6\ќdק\l8䏯\"ld\R\,2+\\\\GqZ\]C\>lO\\\\Oz6\\\\\E\BǏq:\\Z\\"6ڪ;t\iy3Z[so@v8\\+\0ɀG<j:לH\\\\\\\\-A<fj\\ȸ8v\Qk^!u\pN\V\/.\D\98\ֻ	\`\\\%fBg\u\p\o/ -U> ZUD5ڨ@gR]\nY\0r\3\*u\\\6oo֑Aʲe|\q׷Ԡ\x8\0?J9\N3\\>\@\;~N\0=zJa$\3K,\nZA\\4EF޽Zj\;\`\\n\0\\*^\ZR6J\\\\VVvnN}qy^\]\"(O&%-#O괲!G$g=\?Q-ܐ8={\\߽7>9\\ޅ#\\\\\zq\O.\\'?!P\:F7\*-\\w,g\\nn9ݝ{\ng\\2j?劓\\\N\WD\ɎI\G\\0ZX\\\.	os\Ue=1}=)\n_R\{\v\r\ExO;J\\r~T\\W</\lГnȖ\N#t!M\\F~c\,.\ӭn`\X\s֟tˁ5\(\X\xYđ۸\0G$\EKj\\;27\g\vf֥\k\-Fo\N\\\\\\w٪e4u۸\\Ei\w\\V\eP\)❏zmOp\\4\N}M(掀exG\\eH0\'S\Ҿqԉls+	c&)\0#\\A\^u\\f\R\eB>[=GzlG^\-jJZĢw\0?\\W\\6\$ǥPe\\ak{\p}\\\x\GA\?wܶrēC5~67\Hf:a>U\<?\<\YS8>Ɯ\t|\09b\~S+1\\kxȉ!֗\ }j\bR|T\0\n\<[\'#\uktc-\^\"/\ISǯO\:\\xãd\Z\ˑqY9\uʪn\ۚ+hw[(0 ersFl\e#$쪚-\6\<U#\\&\ܧF\\0̈́\7\qЪw \s\i\\\Q\Z&\vfm\>[\\DIfGS\+\wGP2+¯\.~ESK\i&\s\W<\5Ru;\8PEB\nz\\|enn\5aY\\0uc\7D.\o1BS\\'܇\"\\Z\7VEy\\Ա.9\\5#EcK\n;Q\\!\"%Pܳ\\0R	Aܧ;\r=?\Nx\'\"&Ubq?*\8$F\'8ɤշ)[.\Zc\O\N\\ \08\\'sVP+\{\03LBƹbc=\0\U>\}z= BL\\Қ\\\?̚rR\8\\\<g\:u4\\gөõ;jY&\\'<#\nn\ߜ|\?\0>I\'\\w9=}?ϽY\\0\Wa\\tv\\\\!\9l\>\թ\\8\(*\=G?T~=I>\ާ-\\sd\6\\=\c\b9\\ӵɽ%[ۼ]ώ\~ߍy׈o%S\\\>\WOp<MV2s\q?J\(y֔l\EIic/4yl\\`C!\\\z\b[.Y`r\5K\V\vO\"\9\ֲ\\\W)gy\t\Z\\\NLe\~1\@\\\\\7ȭ4`\ȤU\ǡ8as\\-p\r\=E\\<YYؿ\_/\\k\\&)e}\SN\w\"\\P1\0?T\+FR\\rN??QQ\-$4{͙a^c89Դ=O\wg 6\\|\\J\\^`j\VL\'\jM{\L7ʣ\"aZP\[ʚ\YGO/\tb\rgz%DW̌7\ lm.69{\TW1崍\\\\y/`\vǨSk[T\8\ޟJ鄑6wE|\dv\s]\|*}:\;\\\\[v\\\]1\\lA\\\z\\'\k2;wFkeb/\ڮ\tQМ\l1䢣)p1+[\q\V;ۀ~u2k&(\RQ\׉F\\cqP@S$d9\\~\t󘭾\\}\Zó_.\t8H\\\SU̙^\kF41݅oOz߂\[IR\խi\\Fvp\&\ݽ~\Xivp5E5G\\9km\0\\0~m`;0A\tMn`\nۀx*r\"Kgb95#\r\\&\\\J%\Ogk{n>\\W\֘dW8QZ9\\ޕ\K\\(hڎd.[gC\Ur\K\=k\\\s\\:đש\\V\\QDq\9\\yz㟩?\*ǤR}Tk|lzV3jŝ\\>\i\\8&[\\\\B7`z\\n\<;\0֯\&W-\v\0\T!	\}~\l\0\\0?֘Y\r}\od<s\Zk˷8\\\9\\'\\\\\\Gwvֶ\~v;#?\Bב\^\0\Ve\$v\0\\T٭MXל=ISĚt\'\\0}㞟jiKn-\\mf\`\b\\nY/Sv(R\\\\3A\Z\	\0sU\t-\UD0yy\+^\=J擲6|[wiwv\0?hH{U;\j\@q\>ȯ#t8Ҋ9p\\0nb/0\rHn3\X\yBXj@\9fWe<I\\\sA\4\bd\(?\|\\\\L̩\\xu\5rkIKaKS\rI\]id\E9\	\w9\|B.?\\\!8Bi״0{\\M㫇ky\.\\k\]o7mvwRz\M;\#7\F}Ct#\\Zވ\4\R\\U\YI\)HF\0\Rƴѓfto3Z\-D:\\IFG+\[\Nc$w\\ۀ=)m\bdX\9Cl\"j˵\Z%d03n_*Op٫Px{SR3?\0\n\`.1\i\\rA\?\YV_1-\UT\\0\n~ $@\\\Ê\ d\0[\n?=S?5~+\\';do%iF\i,N&>e{\Z2<\Hή0TT[m\w+Ezinw),\HG\\ƮYBeL,QƻA\\Z\J\\\<\Yu\\\UH?a\G\ֽXt,qFUFAR\ZUvuS\Zj\1{A|pV\0S!|Fq?J\Krͺc<ڎޑJ\\$p\\\i\f\I	z v[ס\\\\]\aR?yox`\0_op/\\\>]X6=Gt\\LF\0q߽,\\\a\kEͭ.Xi|\\\j߀x8\0\ZYs\8S\*5v<8v]I\'mL\0\£\Ro\ymZW\l)\w\\>\mk=9篥R\M\g\\uo\Md\\}OA!\\'=\H9\s\\0\\S\mt~G\<Nz\\yދ\o>UxRP}j4`w/Q\}\ԮKCncW\A\\<\\.\r\{\0\^Tsl\'\n=b\ ;7.rv\[Ap9#\h\\'\x\\0~V\'\<`(p0>h\GC\0i\\UfI6}{\supO\؞\0\?\u5:\=F#6r\9e\\\n\\\-7\"\"A=\m\`ӿ\\nvrI\f\0a$3$q\\ZY\\ߛC\_\ֶ\w\0JEs$&y\)]\\xB\\^\\\O.x@[r}W\clp\l2h\fBH\v\'{y#KI3ZG$0OB-%v_\e\\\V1\\?!Uy\rCF&\ڔ@~\\nAs\@\\ԩ)\ׯ=˓J.ni\SYY\p\s\nθ\0\][\Z0#I\0~U\0\鈳㗊fL}\n?e\\\.1\| \\6D7	nm?\܏\?V\X][<\~\n}ĶR8vdW%]9&H{\Zi\;+?OҺd\?s\nbD`~u+T\'9\\\TĐ\يuaѱ(r\0\ne[Ht\0V\ʃ*2\[\ܰd#J\gCm!\#cUd}=Yu\\Q|pW \\\q\\)]>I\\g߼\`\'K\6\\r\\rc+\f\o6\K?я\\\\\<WC\\Ht x\\\E?Ooܶ\_\p1\9?)5\\FȆB݋?\0^\\]\q\\@\\\H\U\&:[oC\/OVo-`jk뼹6\9k\'\ׅ\\\72L\x.ܑ\n\x9G%\$\\"\\\DW](؄1\"8\-\\!\0{\iPr	9~\0^ȆmB\d(~\;\٤p#\0ܒ0:gՕsU\0Z;|&\\ɐ\\@G<sƧX\L\9S3YN\1\^9\],W(\w:sq\I\E \?J\x\w:j9>\<N)I^CΒ]ϳ*.>\\\3˟S\ODs#Mq3zd:\\k.dfè\S\\\\\\6X9<{\r\b\\\9뜚l\\\ڍ}7>MG\0	&v9\\jQ@y\s\F\xoq<\Ϡ\"[\ѱ\(\\n\4&/Ѳ?\0\Od`FsP[K}Nj\\kA\\4\(ʒ(O\8\\TN\98\8\O%\cpGE\0\ZEن;w\+uFl\\\0YPp\\R\K!AGX\`ǯ^FkliK&.\¬Khݔ09\0*-֧&,D1C\@1\\n~\S\=?ϵk?9\{UiC}\QZ&CF{e\}[+kDXXF\?a\\g*3\\\dlf8fބ\0L\0Z!nv\>d\\[2y0tneC5\rgojԸ2Tua\yZ\G~c\ݎ9u;ku;N [z~\\\rOݪV\\wmϯ\y\8=\\ar>玷Jp\\\\MR^\rÁ\0]b5ګQ/^k\\ػ&y)\ž?\\9%[\\\FzEFo\^җ3\ZH\Iϩl*k\9_\\0v-iC\c\ݎ\\N==*ӣ\\\i>j\>-\ܱ1\1P\C,?\O\R`w\r\Aï\\uw>j\ް\3P\\]KT\1s?	@g@ѹ5\|\\0k[|&ң\YϻT}jb\\FѳoK\o\K\g<*/\^\k\I>\5\i\Z,:,63.ӱ@#H\\g\_\e\Wq\G\sbzֽ?M\,|=bhzE2\=MKo-{y<qR]j>P\'\ϡ\g\n-\,\.U3\O]y\\e\^x]dR:ա\A\+%\\9<\USv*T\jV\\0k1\cf\\\0wUE<D\U\#ygS\I\\Xfn|)Vsڠֳ\Vn\MbO(\\(\D6w;\\Odjip\\z歼Ms\r\C\՗\&xyU\'\*-dc\00\Q^Y<Гiq\Kؕܧ؊q~L8n\=/%q\Nj]\\)҅Ei+\<Ml\i9$3\g_#\\̀r\_\[6sV\\nMz\vO6Y3!#\}\eNNTή\/.\r4ey̑F{Uk+\4d1\ƽ\nxZ]N\n\Z\W\\\/xIb\0Y;\<>p1\ֶ\߅\Q=q+u\\Ñs\n\GGrºXrl\\t4qC\<~\b]h1F6\nh<\\ʹ㙳\[\0~\nגyL;*t-1>\\Cy\n\_\~Yd\F\^\y\:T\\=H?ҳ\"\k+\nNBʣkEM\\)~>k9\?J|G\~l~\V\Z&%d\m@?\y|?\uK\\\\*0}\J\E4_v\\ewF\\+\\1\"â\F\<5^Tv&᱃$\\Ht\\82N1ϥX\1>>n3ނ\ᆕ\wSY9\\$\F_E5h6gh\HNsS\u\NH\NP.IbpXJ\4\}BQ\\\Sȓ]]i[[ht\\\\_rt-u8\9V\\\X2\\V5\L\\5)(\\ұU\\nz&*̓\	9(\O\Lkr\G?\\\0ƃfj\\:C.W<CS\\hMuBٜz\^z<;+YO\%}MoT\\k\|0\\\p\Z\0.h>\^Q.G\eN[|\\y\\ߥlZ)\\"\\\0kԾʫ\4ʏi7++dpv\0t>\_R8<)gݴc+Xǧ\K\ɩՆ\Z$Hxq銸TKA9 p۟M$KE4\\E(c\\\WҥXǥjMٝ\N[:\Dݩc>D\\K!\Vb\\_(OjT.f@mE}\"\H\n\wy1c\˼Ȥm\"8\\"\Q[{Rmqe*\smJˏ8\ګ/eײ\?ºݞ4)֙\+\ry>Xc\+ϼI\moD2Vĝ\E{\\pqL#W\Zq[{i>lCq\ʥ_<1Ԋ4x\\\\0\r$5\\0c=\Ҽ\%\rGS0A8(\M\ϙk\G\4\!`{V}\58Ǧ|s难\gJ8\|\Ңù\B\\@>_&+ؖ\\Q\v|S#Ff/&kY^Ē7\n_\r\޹\n}FѓcU7<7RI+RF\_^:~庌p[\{V\n\TfS\<\rW\"\"\\7Qɸn z{\f{G;7˷\xsMtbeu\\n0H3:ԜĄ\<\\V#\U\\\-\S\_ӵ=Iꚅ\\z\U*v3gO;Z@w\\(\T\}SEyY\o\Uc\(\\\F\'5\\[HǢ.?S\\rK\Ȑ\HGFnj7\\\}Mc]ʁp_\gBqVN):\hd,\Fأ	&\\\tpIǥ@ r\e\0ryFr\0=\\\k\#\\'Yw9\0Q\`\=\0!#3O\=\5MA\utG4Xgy\\Gꮹu\\\v3=#\?\ZyO\8g|rHr\F\V\\t\	بA)z˃ҘWU\vf\J=\\s\4\\sV=*\C\\j~D\\uaԌ߻b+Bub0k\\ě#\SYji\l݌W\ΗV\48*\ \X5$JyPi6Ӱ\G4\)R\y\<ILi\u?\<U\\0G\M8a\0\\Rk˾\ZxkSռNںD	b\\\2v-$\\\\֗m9zR\\\\n\+\/\\\cz\mi\n\II2D{[r)\ه=\1t\}\O\x\\x?\>_xU\gc\[\\GTj)ne%9$ը5+C\\Zpt:XR]ka[5\\zsM\DfD\\Ǡ\E\2}\0hG\n\+t?,s7P.\}M	~\9Z?f욲\Z<\#-ٚs`q\\\\\r=\\pl\\\\\1\'\n֭N\ϒ\\<\bn\nԖڕHppǹ~;g*y\l\$N\\"\\*qd\\=	X=\	Uz?h̸Y\\ΚIKG?Bj\\r1+x<t̅\\Zꖳ\6\+FVK}\\l/Wq\\߈\d]躬)\0b\!tɱ\\_c\\\5r\ּXX.&\'\u \\s\ޓ\\h\0=\T/t\\'\\\4R\1\scZV\\ߍ!\۸v\e\Toc\0֨B.>\ 5\\5Yl\Z`ƤfP\[4Um\.gc\(\"Qy\\HSߚ_c#\\ZcJ\T\޵kFRwW\-JHJ\#\)ʹi@]\hQn\0Ca4\\Z\R	\*Y2sg\\Z\1ЉJ\\\\Zw`	XU\\y\~4ߴۯY\Iw\_+,v2\c8\\UkֺJ\\@\bf?xWdq\\\e\\m\\\\]\*\b)lU\\dU[˴L,z\\\[[L^t,<,À\\\N5\.u\8#&\A4_K+Ns\"STFOi\SLo\\\\\2\Gcџ\-\\\^ksyR!Shۜx*\Żo<G3lSa\\Z\-tT\U`\n\@W\0z\nF\\RQs\\exJx\\\zUY p$+Z\\L11J)r*7ŤWPS eaS\;n(\<U\4Uia΄\0|\2\\-g\bxS\s(ɯ\)pka\rqje\\gq\|w\0%Rv\\\5F߹,G^\Cuqu\s\BIIŹ܌Đs>\?Z\\~1m|,\\ུ\\K؊>\;\'j\\\I?\8\/4K\п0VE-pq]М9mQ~׌\\XI}\\@~\֊Fߌz֎o4~c(o;\\\\K\N̡\ZJ;\\mFn\Ե\0v\r.hH\';\{X)jн\\ay<\MxktA\ܹ&\qC!d\@?g^Kqx\\\\\0?֡\\FW\\օ\\-Fѐú5(\5-&HOPMd\ahdķp`]\r\/i!{\V\\0\k88\\\\C\E\;X~,z\8i:\V\\Ѿ\U&\1S\VD\Z\+f\?\5\R\"kUR21)Dр+,\\>\Z1\\\\\\\U2r	\0$БT#d1\Ҫ\0\de\T2$6\ʊY\}\\E\3\/|UiɶI\rf\L\`]9\y>\O\)iv,kۭ:8\f\'Y_CӍ7\\kJ\\\Ґ	4\3$\	~q\]q\R\wf\YhZe\CL#4ĺW\r<|\*F&?\nIfiaNᑎ\>.֢5\ؿy$nQS\Qa	?ޭS\\S}B;\Z\ CjGZ\UZN1\\Z?}}\T\2\^7Y1[?\/\s\\rė2%\0sO:n*ȭ\\)~k˩\Ss\.ׇK2\8ܻH\^=ȫ6^\\\j\3z8[Vy<i\KMHlleۀ\\?ki0\\\om\=\\Z,|\Nz\EWПB\\p \'>WaE@\9ãN\\QF*\'G)qn̤Z\ε\^ە7> Ҁ\\>V\\s\/}gUsP]x\\6\Iy=v\ľ*?:\Kyә\	Z|\~b\w1yG獸&>(Ohimn6y\.u\rrMND1ֽO\%\ӣ	\0Us\'\\)6\dS=\!SۊGZ!)\WHy\qZn\r!߇\\$\r\0\n\\iz-m\8\_@KP\m\\D鑜R\qz\xv:\p\0rC\X\\\co䋧\ҽ#QԖRK!\\0\Tđ\RCӫ~U\\]>]\Ѥ\9\_\|!\bkR\\(\j\-M=\vƙ\ڹzzΘӂZ#XۢG\\\\\)s\6s\\'{Vl\ćǥ\nS\\V۵\\*N@>\׳&B\ZΕ	\'ޫ\}Ed+cT~u]\-\\q\\i\i?x=ir\wF\\[Jh\a\@5B};OP\U\zi\lؚ\hv_\7\dγn|=;>]B\1ـ#1#\ΔO(mEh\#9P-ыWl\\̠uƬ\'|.Vh\|G\+G\׏A,L>h\Mv\̪\}N9\)kM	)w냌U=J;E#Q\D<-\}iv\yW\c9+es\;*+]SPl\H\\4WR\\\s}^}k\e֧R\"\}k\\\.@\\Z\E0@7t6z*\\\C\#gmG\jQ\\MQV7vTK`:)\@\PdP\dPfKF;P\\0Օ^\?*R.\\Z\z?5\nvʭ␁Uʂ\\61灊6:UӷuF\	\\Qkl;\Z#\!3\P~u\n]G\U\\8\\\0|g\Qfz\*C[̫\h:̿?u\ni6}Oʢ:Uh\~4ޞg_Ϊ?οf\nW\r`QqK0V?Ұf~\?3.1\\\)E\/p|\_\)ſ\M<}\]#\\0N\nk\\c\SA<ܷoΫ\{-\06\\\\Gz>!_ݍW\\Q\"R=`޿\y\V~(\nU[>\\"?g#\d1:̼\\\ʁ\lPy%I\\\xSq^?\Un[\`q%ԅH\YT	\\\ZAJ\\\+v<\\UO!\SI<q瞭\\\9W\\:vVt\CXD\n`;}3ɨ^\%\{mG\c\ıU\t>\,s1\*\\Lp|L\)s]#9\jh\d21X\ll\i@8l+\KS\"f\1\\0|\_\W`;t\\	\0:\8\\u\5rjY\'dcvOZ[0ª\\^k9`J*#[I)Gt\Y<\rsSJ44ŏ\=x:]\\=F+\\7\rN0\\^U*\jڲԮ\$f\\:ቺ\Ɍ\!+\n\]qb!\\~q\W<N;5b\eJG\\Y<#\n\ӟ1G\E\ݑ塣S\j7֭YW󢊞f_* X/YW\v	\0-󢊇6W*!o\ZXB\rF\8O\EȈǱ\\\P\!j(\d\$\\\SU\\\\(h.\(D0ԟ\Rnc𢊎yw\"\\'\0[Ua\\tQQ\.\I=\\?\Qs#Ɗ)s1,ORO\M.qM\EC\.1@@)<QE1\r \4ފ(&(@8\\0V\Hl7\V.\}OQE\Sn\,DY.\ܶ=	8#\ޣ\I\"\.\6>Ҋ+[\F\La \1\z\E/FWB\"\N\WE\ZzM\\6\S|-WT۱V&q\)5(^\Ȟ\h\hgTv,\rj\l#/$vCdp\sǊ(\ð\\\',40,'El Salvador','San Salvador','agaerg'),(23,'Chavo del Ocho','chejo.lopez2015.cl@gmail.com','12345678','default.png',NULL,42,'El Salvador','San Salvador','dafaeger'),(24,'Gonzalo','chejo.lopez2015.cl@gmail.com','12345678','viejito.jpg',_binary '\\\0JFIF\0\0`\0`\0\0\Exif\0\0MM\0*\0\0\0\0;\0\0\0\0\0\0Ji\0\0\0\0\0\0\\\0\0\0\0\"\0\0\\\0\0\0\0\0\0>\0\0\0\0\\0\0\0\0\0\0\0\0\0\0\0\0\0\0\0\0\0\0\0\0\0\0\0\0\0\0\0\0\0\0\0\0\0\0\0\0\0\0\0\0\0\0\0\0\0\0\0\0\0\0\0\0\0\0\0\0\0\0\0\0\0\0\0\0\0\0\0\0\0\0\0\0\0\0\0\0\0\0\0\0\0\0\0\0\0\0\0\0\0\0\0\0\0\0\0\0\0\0\0\0\0\0\0\0\0\0\0\0\0\0\0\0\0\0\0\0\0\0\0\0\0\0\0\0\0\0\0\0\0\0\0\0\0\0\0\0\0\0\0\0\0\0\0\0\0\0\0\0\0\0\0\0\0\0\0\0\0\0\0\0\0\0\0\0\0\0\0\0\0\0\0\0\0\0\0\0\0\0\0\0\0\0\0\0\0\0\0\0\0\0\0\0\0\0\0\0\0\0\0\0\0\0\0\0\0\0\0\0\0\0\0\0\0\0\0\0\0\0\0\0\0\0\0\0\0\0\0\0\0\0\0\0\0\0\0\0\0\0\0\0\0\0\0\0\0\0\0\0\0\0\0\0\0\0\0\0\0\0\0\0\0\0\0\0\0\0\0\0\0\0\0\0\0\0\0\0\0\0\0\0\0\0\0\0\0\0\0\0\0\0\0\0\0\0\0\0\0\0\0\0\0\0\0\0\0\0\0\0\0\0\0\0\0\0\0\0\0\0\0\0\0\0\0\0\0\0\0\0\0\0\0\0\0\0\0\0\0\0\0\0\0\0\0\0\0\0\0\0\0\0\0\0\0\0\0\0\0\0\0\0\0\0\0\0\0\0\0\0\0\0\0\0\0\0\0\0\0\0\0\0\0\0\0\0\0\0\0\0\0\0\0\0\0\0\0\0\0\0\0\0\0\0\0\0\0\0\0\0\0\0\0\0\0\0\0\0\0\0\0\0\0\0\0\0\0\0\0\0\0\0\0\0\0\0\0\0\0\0\0\0\0\0\0\0\0\0\0\0\0\0\0\0\0\0\0\0\0\0\0\0\0\0\0\0\0\0\0\0\0\0\0\0\0\0\0\0\0\0\0\0\0\0\0\0\0\0\0\0\0\0\0\0\0\0\0\0\0\0\0\0\0\0\0\0\0\0\0\0\0\0\0\0\0\0\0\0\0\0\0\0\0\0\0\0\0\0\0\0\0\0\0\0\0\0\0\0\0\0\0\0\0\0\0\0\0\0\0\0\0\0\0\0\0\0\0\0\0\0\0\0\0\0\0\0\0\0\0\0\0\0\0\0\0\0\0\0\0\0\0\0\0\0\0\0\0\0\0\0\0\0\0\0\0\0\0\0\0\0\0\0\0\0\0\0\0\0\0\0\0\0\0\0\0\0\0\0\0\0\0\0\0\0\0\0\0\0\0\0\0\0\0\0\0\0\0\0\0\0\0\0\0\0\0\0\0\0\0\0\0\0\0\0\0\0\0\0\0\0\0\0\0\0\0\0\0\0\0\0\0\0\0\0\0\0\0\0\0\0\0\0\0\0\0\0\0\0\0\0\0\0\0\0\0\0\0\0\0\0\0\0\0\0\0\0\0\0\0\0\0\0\0\0\0\0\0\0\0\0\0\0\0\0\0\0\0\0\0\0\0\0\0\0\0\0\0\0\0\0\0\0\0\0\0\0\0\0\0\0\0\0\0\0\0\0\0\0\0\0\0\0\0\0\0\0\0\0\0\0\0\0\0\0\0\0\0\0\0\0\0\0\0\0\0\0\0\0\0\0\0\0\0\0\0\0\0\0\0\0\0\0\0\0\0\0\0\0\0\0\0\0\0\0\0\0\0\0\0\0\0\0\0\0\0\0\0\0\0\0\0\0\0\0\0\0\0\0\0\0\0\0\0\0\0\0\0\0\0\0\0\0\0\0\0\0\0\0\0\0\0\0\0\0\0\0\0\0\0\0\0\0\0\0\0\0\0\0\0\0\0\0\0\0\0\0\0\0\0\0\0\0\0\0\0\0\0\0\0\0\0\0\0\0\0\0\0\0\0\0\0\0\0\0\0\0\0\0\0\0\0\0\0\0\0\0\0\0\0\0\0\0\0\0\0\0\0\0\0\0\0\0\0\0\0\0\0\0\0\0\0\0\0\0\0\0\0\0\0\0\0\0\0\0\0\0\0\0\0\0\0\0\0\0\0\0\0\0\0\0\0\0\0\0\0\0\0\0\0\0\0\0\0\0\0\0\0\0\0\0\0\0\0\0\0\0\0\0\0\0\0\0\0\0\0\0\0\0\0\0\0\0\0\0\0\0\0\0\0\0\0\0\0\0\0\0\0\0\0\0\0\0\0\0\0\0\0\0\0\0\0\0\0\0\0\0\0\0\0\0\0\0\0\0\0\0\0\0\0\0\0\0\0\0\0\0\0\0\0\0\0\0\0\0\0\0\0\0\0\0\0\0\0\0\0\0\0\0\0\0\0\0\0\0\0\0\0\0\0\0\0\0\0\0\0\0\0\0\0\0\0\0\0\0\0\0\0\0\0\0\0\0\0\0\0\0\0\0\0\0\0\0\0\0\0\0\0\0\0\0\0\0\0\0\0\0\0\0\0\0\0\0\0\0\0\0\0\0\0\0\0\0\0\0\0\0\0\0\0\0\0\0\0\0\0\0\0\0\0\0\0\0\0\0\0\0\0\0\0\0\0\0\0\0\0\0\0\0\0\0\0\0\0\0\0\0\0\0\0\0\0\0\0\0\0\0\0\0\0\0\0\0\0\0\0\0\0\0\0\0\0\0\0\0\0\0\0\0\0\0\0\0\0\0\0\0\0\0\0\0\0\0\0\0\0\0\0\0\0\0\0\0\0\0\0\0\0\0\0\0\0\0\0\0\0\0\0\0\0\0\0\0\0\0\0\0\0\0\0\0\0\0\0\0\0\0\0\0\0\0\0\0\0\0\0\0\0\0\0\0\0\0\0\0\0\0\0\0\0\0\0\0\0\0\0\0\0\0\0\0\0\0\0\0\0\0\0\0\0\0\0\0\0\0\0\0\0\0\0\0\0\0\0\0\0\0\0\0\0\0\0\0\0\0\0\0\0\0\0\0\0\0\0\0\0\0\0\0\0\0\0\0\0\0\0\0\0\0\0\0\0\0\0\0\0\0\0\0\0\0\0\0\0\0\0\0\0\0\0\0\0\0\0\0\0\0\0\0\0\0\0\0\0\0\0\0\0\0\0\0\0\0\0\0\0\0\0\0\0\0\0\0\0\0\0\0\0\0\0\0\0\0\0\0\0\0\0\0\0\0\0\0\0\0\0\0\0\0\0\0\0\0\0\0\0\0\0\0\0\0\0\0\0\0\0\0\0\0\0\0\0\0\0\0\0\0\0\0\0\0\0\0\0\0\0\0\0\0\0\0\0\0\0\0\0\0\0\0\0\0\0\0\0\0\0\0\0\0\0\0\0\0\0\0\0\0\0\0\0\0\0\0\0\0\0\0\0\0\0\0\0\0\0\0\0\0\0\0\0\0\0\0\0\0\0\0\0\0\0\0\0\0\0\0\0\0\0\0\0\0\0\0\0\0\0\0\0\0\0\0\0\0\0\0\0\0\0\0\0\0\0\0\0\0\0\0\0\0\0\0\0\0\0\0\0\0\0\0\0\0\0\0\0\0\0\0\0\0\0\0\0\0\0\0\0\0\0\0\0\0\0\0\0\0\0\0\0\0\0\0\0\0\0\0\0\0\0\0\0\0\0\0\0\0\0\0\0\0\0\0\0\0\0\0\0\0\0\0\0\0\0\0\0\0\0\0\0\0\0\0\0\0\0\0\0\0\0\0\0\0\0\0\0\0\0\0\0\0\0\0\0\0\0\0\0\0\0\0\0\0\0\0\0\0\0\0\0\0\0\0\0\0\0\0\0\0\0\0\0\0\0\0\0\0\0\0\0\0\0\0\0\0\0\0\0\0\0\0\0\0\0\0\0\0\0\0\0\0\0\0\0\0\0\0\0\0\0\0\0\0\0\0\0\0\0\0\0\0\0\0\0\0\0\0\0\0\0\0\0\0\0\0\0\0\0\0\0\0\0\0\0\0\0\0\0\0\0\0\0\0\0\0\0\0\0\0\0\0\0\0\0\0\0\0\0\0\0\0\0\0\0\0\0\0\0\0\0\0\0\0\0\0\0\0\0\0\0\0\0\0\0\0\0\0\0\0\0\0\0\0\0\0\0\0\0\0\0\0\0\0\0\0\0\0\0\0\0\0\0\0\0\0\0\0\0\0\0\0\0\0\0\0\0\0\0\0\0\0\0\0\0\0\0\0\0\0\0\0\0\0\0\0\0\0\0\0\0\0\0\0\0\0\0\0\0\0\0\0\0\0\0\0\0\0\0\0\0\0\0\0\0\0\0\0\0\0\0\0\0\0\0\0\0\0\0\0\0\0\0\0\0\0\0\0\0\0\0\0\0\0\0\0\0\0\0\0\0\0\0\0\0\0\0\0\0\0\0\0\0\0\0\0\0\0\0\0\0\0\0\0\0\0\0\0\0\0\0\0\0\0\0\0\0\0\0\0\0\0\0\0\0\0\0\0\0\0\0\0\0\0\0\0\0\0\0\0\0\0\0Magnolia Ramirez\0\0\0\0\0\0\0\0\0\0\0\0\0\0\0\0\0\0\099\0\0\0\0\0\099\0\0\\0\0\0\0\0\0\0\0\0\\0\0\0\0\0\0\0\0\0\0\0\0\0\0\0\0\0\0\0\0\0\0\0\0\0\0\0\0\0\0\0\0\0\0\0\0\0\0\0\0\0\0\0\0\0\0\0\0\0\0\0\0\0\0\0\0\0\0\0\0\0\0\0\0\0\0\0\0\0\0\0\0\0\0\0\0\0\0\0\0\0\0\0\0\0\0\0\0\0\0\0\0\0\0\0\0\0\0\0\0\0\0\0\0\0\0\0\0\0\0\0\0\0\0\0\0\0\0\0\0\0\0\0\0\0\0\0\0\0\0\0\0\0\0\0\0\0\0\0\0\0\0\0\0\0\0\0\0\0\0\0\0\0\0\0\0\0\0\0\0\0\0\0\0\0\0\0\0\0\0\0\0\0\0\0\0\0\0\0\0\0\0\0\0\0\0\0\0\0\0\0\0\0\0\0\0\0\0\0\0\0\0\0\0\0\0\0\0\0\0\0\0\0\0\0\0\0\0\0\0\0\0\0\0\0\0\0\0\0\0\0\0\0\0\0\0\0\0\0\0\0\0\0\0\0\0\0\0\0\0\0\0\0\0\0\0\0\0\0\0\0\0\0\0\0\0\0\0\0\0\0\0\0\0\0\0\0\0\0\0\0\0\0\0\0\0\0\0\0\0\0\0\0\0\0\0\0\0\0\0\0\0\0\0\0\0\0\0\0\0\0\0\0\0\0\0\0\0\0\0\0\0\0\0\0\0\0\0\0\0\0\0\0\0\0\0\0\0\0\0\0\0\0\0\0\0\0\0\0\0\0\0\0\0\0\0\0\0\0\0\0\0\0\0\0\0\0\0\0\0\0\0\0\0\0\0\0\0\0\0\0\0\0\0\0\0\0\0\0\0\0\0\0\0\0\0\0\0\0\0\0\0\0\0\0\0\0\0\0\0\0\0\0\0\0\0\0\0\0\0\0\0\0\0\0\0\0\0\0\0\0\0\0\0\0\0\0\0\0\0\0\0\0\0\0\0\0\0\0\0\0\0\0\0\0\0\0\0\0\0\0\0\0\0\0\0\0\0\0\0\0\0\0\0\0\0\0\0\0\0\0\0\0\0\0\0\0\0\0\0\0\0\0\0\0\0\0\0\0\0\0\0\0\0\0\0\0\0\0\0\0\0\0\0\0\0\0\0\0\0\0\0\0\0\0\0\0\0\0\0\0\0\0\0\0\0\0\0\0\0\0\0\0\0\0\0\0\0\0\0\0\0\0\0\0\0\0\0\0\0\0\0\0\0\0\0\0\0\0\0\0\0\0\0\0\0\0\0\0\0\0\0\0\0\0\0\0\0\0\0\0\0\0\0\0\0\0\0\0\0\0\0\0\0\0\0\0\0\0\0\0\0\0\0\0\0\0\0\0\0\0\0\0\0\0\0\0\0\0\0\0\0\0\0\0\0\0\0\0\0\0\0\0\0\0\0\0\0\0\0\0\0\0\0\0\0\0\0\0\0\0\0\0\0\0\0\0\0\0\0\0\0\0\0\0\0\0\0\0\0\0\0\0\0\0\0\0\0\0\0\0\0\0\0\0\0\0\0\0\0\0\0\0\0\0\0\0\0\0\0\0\0\0\0\0\0\0\0\0\0\0\0\0\0\0\0\0\0\0\0\0\0\0\0\0\0\0\0\0\0\0\0\0\0\0\0\0\0\0\0\0\0\0\0\0\0\0\0\0\0\0\0\0\0\0\0\0\0\0\0\0\0\0\0\0\0\0\0\0\0\0\0\0\0\0\0\0\0\0\0\0\0\0\0\0\0\0\0\0\0\0\0\0\0\0\0\0\0\0\0\0\0\0\0\0\0\0\0\0\0\0\0\0\0\0\0\0\0\0\0\0\0\0\0\0\0\0\0\0\0\0\0\0\0\0\0\0\0\0\0\0\0\0\0\0\0\0\0\0\0\0\0\0\0\0\0\0\0\0\0\0\0\0\0\0\0\0\0\0\0\0\0\0\0\0\0\0\0\0\0\0\0\0\0\0\0\0\0\0\0\0\0\0\0\0\0\0\0\0\0\0\0\0\0\0\0\0\0\0\0\0\0\0\0\0\0\0\0\0\0\0\0\0\0\0\0\0\0\0\0\0\0\0\0\0\0\0\0\0\0\0\0\0\0\0\0\0\0\0\0\0\0\0\0\0\0\0\0\0\0\0\0\0\0\0\0\0\0\0\0\0\0\0\0\0\0\0\0\0\0\0\0\0\0\0\0\0\0\0\0\0\0\0\0\0\0\0\0\0\0\0\0\0\0\0\0\0\0\0\0\0\0\0\0\0\0\0\0\0\0\0\0\0\0\0\0\0\0\0\0\0\0\0\0\0\0\0\0\0\0\0\0\0\0\0\0\0\0\0\0\0\0\0\0\0\0\0\0\0\0\0\0\0\0\0\0\0\0\0\0\0\0\0\0\0\0\0\0\0\0\0\0\0\0\0\0\0\0\0\0\0\0\0\0\0\0\0\0\0\0\0\0\0\0\0\0\0\0\0\0\0\0\0\0\0\0\0\0\0\0\0\0\0\0\0\0\0\0\0\0\0\0\0\0\0\0\0\0\0\0\0\0\0\0\0\0\0\0\0\0\0\0\0\0\0\0\0\0\0\0\0\0\0\0\0\0\0\0\0\0\0\0\0\0\0\0\0\0\0\0\0\0\0\0\0\0\0\0\0\0\0\0\0\0\0\0\0\0\0\0\0\0\0\0\0\0\0\0\0\0\0\0\0\0\0\0\0\0\0\0\0\0\0\0\0\0\0\0\0\0\0\0\0\0\0\0\0\0\0\0\0\0\0\0\0\0\0\0\0\0\0\0\0\0\0\0\0\0\0\0\0\0\0\0\0\0\0\0\0\0\0\0\0\0\0\0\0\0\0\0\0\0\0\0\0\0\0\0\0\0\0\0\0\0\0\0\0\0\0\0\0\0\0\0\0\0\0\0\0\0\0\0\0\0\0\0\0\0\0\0\0\0\0\0\0\0\0\0\0\0\0\0\0\0\0\0\0\0\0\0\0\0\0\0\0\0\0\0\0\0\0\0\0\0\0\0\0\0\0\0\0\0\0\0\0\0\0\0\0\0\0\0\0\0\0\0\0\0\0\0\0\0\0\0\0\0\0\0\0\0\0\0\0\0\0\0\0\0\0\0\0\0\0\0\0\0\0\0\0\0\0\0\0\0\0\0\0\0\0\0\0\0\0\0\0\0\0\0\0\0\0\0\0\0\0\0\0\0\0\0\0\0\0\0\0\0\0\0\0\0\0\0\0\0\0\0\0\0\0\0\0\0\0\0\0\0\0\0\0\0\0\0\0\0\0\0\0\0\0\0\0\0\0\0\0\0\0\0\0\0\0\0\0\0\0\0\0\0\0\0\0\0\0\0\0\0\0\0\0\0\0\0\0\0\0\0\0\0\0\0\0\0\0\0\0\0\0\0\0\0\0\0\0\0\0\0\0\0\0\0\0\0\0\0\0\0\0\0\0\0\0\0\0\0\0\0\0\0\0\0\0\0\0\0\0\0\0\0\0\0\0\0\0\0\0\0\0\0\0\0\0\0\0\0\0\0\0\0\0\0\0\0\0\0\0\0\0\0\0\0\0\0\0\0\0\0\0\0\0\0\0\0\0\0\0\0\0\0\0\0\0\0\0\0\0\0\0\0\0\0\0\0\0\0\0\0\0\0\0\0\0\0\0\0\0\0\0\0\0\0\0\0\0\0\0\0\0\0\0\0\0\0\0\0\0\0\0\0\0\0\0\0\0\0\0\0\0\0\0\0\0\0\0\0\0\0\0\0\0\0\0\0\0\0\0\0\0\0\0\0\0\0\0\0\0\0\0\0\0\0\0\0\0\0\0\0\0\0\0\0\0\0\0\0\0\0\0\0\0\0\0\0\0\0\0\0\0\0\0\0\0\0\0\0\0\0\0\0\0\0\0\0\0\0\0\0\0\0\0\0\0\0\0\0\0\0\0\0\0\0\0\0\0\0\0\0\0\0\0\0\0\0\0\0\0\0\0\0\0\0\0\0\0\0\0\0\0\0\0\0\0\0\0\0\0\0\0\0\0\0\0\0\0\0\0\0\0\0\0\0\0\0\0\0\0\0\0\0\0\0\0\0\0\0\0\0\0\0\0\0\0\0\0\0\0\0\0\0\0\0\0\0\0\0\0\0\0\0\0\0\0\0\0\0\0\0\0\0\0\0\0\0\0\0\0\0\0\0\0\0\0\0\0\0\0\0\0\0\0\0\0\0\0\0\0\0\0\0\0\0\0\0\0\0\0\0\0\0\0\0\0\0\0\0\0\0\0\0\0\0\0\0\0\0\0\0\0\0\0\0\0\0\0\0\0\0\0\0\0\0\0\0\0\0\0\0\0\0\0\0\0\0\0\0\0\0\0\0\0\0\0\0\0\0\0\0\0\0\0\0\0\0\0\0\0\0\0\0\0\0\0\0\0\0\0\0\0\0\0\0\0\0\0\0\0\0\0\0\0\0\0\0\0\0\0\0\0\0\0\0\0\0\0\0\0\0\0\0\0\0\0\0\0\0\0\0\0\0\0\0\0\0\0\0\0\0\0\0\0\0\0\0\0\0\0\0\02019:08:13 13:41:50\02019:08:13 13:41:50\0\0\0M\0a\0g\0n\0o\0l\0i\0a\0 \0R\0a\0m\0i\0r\0e\0z\0\0\0\#http://ns.adobe.com/xap/1.0/\0<?xpacket begin=\'﻿\' id=\'W5M0MpCehiHzreSzNTczkc9d\'?>\r\n<x:xmpmeta xmlns:x=\"adobe:ns:meta/\"><rdf:RDF xmlns:rdf=\"http://www.w3.org/1999/02/22-rdf-syntax-ns#\"><rdf:Description rdf:about=\"uuid:faf5bdd5-ba3d-11da-ad31-d33d75182f1b\" xmlns:dc=\"http://purl.org/dc/elements/1.1/\"/><rdf:Description rdf:about=\"uuid:faf5bdd5-ba3d-11da-ad31-d33d75182f1b\" xmlns:xmp=\"http://ns.adobe.com/xap/1.0/\"><xmp:CreateDate>2019-08-13T13:41:50.989</xmp:CreateDate></rdf:Description><rdf:Description rdf:about=\"uuid:faf5bdd5-ba3d-11da-ad31-d33d75182f1b\" xmlns:dc=\"http://purl.org/dc/elements/1.1/\"><dc:creator><rdf:Seq xmlns:rdf=\"http://www.w3.org/1999/02/22-rdf-syntax-ns#\"><rdf:li>Magnolia Ramirez</rdf:li></rdf:Seq>\r\n			</dc:creator></rdf:Description></rdf:RDF></x:xmpmeta>\r\n                                                                                                    \n                                                                                                    \n                                                                                                    \n                                                                                                    \n                                                                                                    \n                                                                                                    \n                                                                                                    \n                                                                                                    \n                                                                                                    \n                                                                                                    \n                                                                                                    \n                                                                                                    \n                                                                                                    \n                                                                                                    \n                                                                                                    \n                                                                                                    \n                                                                                                    \n                                                                                                    \n                                                                                                    \n                                                                                                    \n                            <?xpacket end=\'w\'?>\\0C\0\n\n		\n\Z\'!%\".\"%()+,+\Z /3/*2\'*+*\\0C\n	\n***************************************************\0\"\0\\0\0\0\0\0\0\0\0\0\0\0	\n\\0\0\0\0}\0!1AQa\"q2#BR\$3br	\n\Z%&\'()*456789:CDEFGHIJSTUVWXYZcdefghijstuvwxyz\\\\\\\\\\\\\\\\\\\\\\\\\\\\\\0\0\0\0\0\0\0\0	\n\\0\0\0w\0!1AQaq\"2B	#3Rbr\\n$4\%\Z&\'()*56789:CDEFGHIJSTUVWXYZcdefghijstuvwxyz\\\\\\\\\\\\\\\\\\\\\\\\\\\\\0\0\0?\0\qޜi+6\"TҒ3\F\\ręL\ZZ0\'\~hhj\\0bZ\"B\L~\)\46$\3^\Bǚu0CcӘ\\\"<\5(\Hƪo\p4ŧUM\&839횏1S\b^\g\sZ)&!N(>Ԝ擽\\0\\O0\)p Qh\i\Zw4H((4\N4\Q!=E:O)\LLQKEh\ZKE%Hө\\0cid\nq%\%8)\dQ@\R\7o4R\C\}&9 4Utޤ8\&228OJ1\U+H\x\M~iW}i\\5%Fԕ?n.xRYTL[4Px\S\y\ڞ3޶-D\\y4֭dݮ!\M)8\M7\\0I4֘\q\\n\S)G)?0#\UI6\\sgF\lU~\ғ\\nIk}`\}\Z\\nea\\0^\W5T\,\}sxO\e#\\ ((aٷrz}\rO$\:7TEVr)Z̷\\Hq\0}\n&0r=kNu#\'EQ@	ڟL\O,(\.3\%\nr\EJ\c\Sۯ5:ԜU)@\;\JQEi\J:R7((h1L~\\\P\\\3maROB\\\"qjxZR\\ڰ_Q\RPVD\\Ȥ\[bm?hq1]t4~4\"v4\n6zuP\r\Q\8*U	\go&\EF7c8.p?d\jFL:֪\]~՝$ A5\:\ҢdBf\pĞhCR1䞾\)6vƚBK;\Q+yo\=pEUrX\rx\\ԌNv\sOa|ϴ\0F8\0bH\1?\5)\Fy\0&MJ:5\@\\\!B\OM_F8\'\0NxV\c\0\\'\0+ThͶQQ\\\De\\yWOB*qڹ]?Wi\\Wa<`\0Z\`:ߥtFW8\c\S\)մLQEXY\\uj~j\\`r\n\U9-$\PM&h5$\֟Q)\<\2^㨦y\\)7zPh\Z\CZ\g֔y\:(\M\0S^:M~1>\\\R\R\sJ()S\0\G\@\@Bw~w\\nh\04Rw\'@n\'\X7\\ZغEn[3\\\ϖ$u\rV;p\\\ڨ\W\rxf`\N+͞l(IW\&ru9\W]\ʞ}\$\\ט\x|~NV\ny\8\i\T\\\\nN}+6\ܩ,-\Py\\r\⥸]g\\F#ҁ4hC)5A\dtV\"ǯPs돎\@B\\,	>\0\]vs+:cO$]4\J\\˶[æ\Wcir\\?\]dVehcHERςך\:W:\ʃKLG\r\>brQV^ {%d1n{օd\\\'Βf$\\0\Z\\Aޚ5!i)iJ\2R14biwQ\\\\P6q\ .isǵ\0L\\\^\'&0\"T\4\ \5ښN+\'sE\\rYZ\.\MXuF\>\-:\|\\HH\-\0\w\-%!ȥ\1zu\V LBsץ\0:{\)\\@!\5SLM^mt\k=Y\\`\rg\02wu>RJ\3\~\Px\vS\qQ\˸\r\OէRӮ*)\ 6j\1T\g*)Q{W\ɼ}\\q\+(1V\'#֝\\VD=띭M.g@9>x\\w+\Z+*\=Ozɻ|\֤/1\\0⺍ei\\\	<\\?5ǻ9\{\Zox\2b>l_润\\*F\\\\ho5}u\<Y7\Rk\R\K`\\].<rN\0㎹\]h\\X\\\0Za$!=tD\{QV#\\g\\\\`7d˰\0tc<3,tWv4k;Gu\m\<\ZR\\2\*j\\\Z\8h޽\LNݩ\A\\\h\ZadV{\"$\^е\|Ҕ\n\,#\9lTk<7(Zˮ\\^\G,O\@㩣*?<VU\D{)ppjuAw9\$+\5J\Jx\)ciå%8tO4\oZ@.&xLJ_,PN^a{ԞX4l\-Gt3}=Z,S\\\CI4N\O\"\zS\n#\0g~ӫ9	\ \\Z\Z\\$\ǩ\+\ѭ\\cn\Sd\-G5\\\V=:wQ:i.O\W;S\n]C\3\\x\G9\c>\]w&K2̅\TJM;0\n-ڈ߹$\\]\$p?\nJZ3ֱ\V\n}P\\ӗ6o \0d`\\\\\ʑ}i\V\?\\bF9eB\~	֭dO.\	$6=}8\Z9I1\x;%Cֱs\55\\巗#2\0\YCğOEqW4\\|Vی*\6T\T\Z\\0*$~\\\\\\prG+ѵ\"˵K\'\00\0\Ҹ\5m\-HL\03Z߮pcs\\0Z\\皹隗\\\٥\\ʤ`G\\е5\\"+^A\\:\\3\Our\\v\\ҽ\\\OMv}էJ^^\\\4\\QE\yt:=̽2Oo?7%m\;c_\Zfsg\<\Zʮ\:p\!ѯJ\\\\*\}A9$\+P\ύ}\^V4}\\$\\c\ߕ]\J\\R\ں4GQv W;PX?tW*ܞ\#;oAW\ :S bU\\ 6ъ3Ҁ\ZS\'& 0U=zQku\\:\\UH7\\b\ndTR.<ShiGJm*\!\\֔@N:RR/\*\>:w4\F}((#\)E=&\\eU\\\\h\OF%\0\\K{\<V\|\={Y&݃e7 <\@+\\8^8\\0%ƨ\wS\$HKA\].f-4#\NC\0M\0\0\"r\ VS$\D\)Mь4H\|O/~7uϭahqƧ~`[ijP\N\[],A\65u:\\\q0\#;\\.\\8\9\a\K\q#xmزƑ\>Q\\[\\jV+(\\n<U;:.\^\fW\\Z\8)4\\\+SOЮgQ-\A\5tI\!\Ǒ*y.\\\1\ƹ\\I֏\.Xq\VW!w\r\r\\Ԯ\\\O8vާT+Y\!\\q\\\0:\\\\\\8\\_ICA\Z\x\\NH8zX\I\\9Fp^k\\\rg\1K1\/\k礌\2\\(jl\\8\\7JSc\Ow7袊yJoz\\\ܤ}}\rֻ\=Fu\߽hͪy+\ݫ6;v1۞s\\\e-7:\Qzל\d\+\-]9\W\dOz\kg\2q&h\y/\gѳlf\\\Zp\Aޝz\u\:ç\c۾o\=FW~\#\\+\<NS<\\'Y\"\4\/\z\0t搎\r:\+HHb\h\\?5r\8\\稡C֕i3\*\ 4/ݥ\H>\d\(\@\0\\Ph\0N\@Ӯ?\<\d$\\VIع\0\EqԲ\x\;IX#GFXm\H}?\Wĭ7\0l~KG\\0\\I\\G?Q\Z*`G\\Зs\>pͷ\0YY].gZ2>\4kR\0Ig\rVRkWSH\\.q*9\ZFD\+\Ua޻8ekl\}\Z\\\O\%f$\qucHӌ\kt\\h^ȡ\\zW3Mlzgֵ/dvB˟ʹBf\=u&VAܶFsߚd#\\wqMRLz5Kr7\\jhj l\\_\Y~B	G\v5\0o!z\gS-4\\,g9\#a\\I&c@Ю<G\\[H\}\[)mC\n\5\n;\00r#a\W\\\0y\0k\f\\\qWg\AEWQ\fO9w*\P3\"84Ӄj\n2ڸ;RI\ S	ïrV:\e\nB+\\\"e\\מ\\/%O\0\Z\_\җ[ۨKj\\~\O@Z\<}H0\OOMp\ZNi\r+\'~\FK?}f_tN=\"\Ъ(jzA-j$\֜#\\]gq\Z!\\}\:,\})\t4\nMg7$հsY\M\\qW#85w2E\'\4\oBOJC\u(-ץ&;\rU>8\\- QJ[\Tؤ-%\Ӆ7(\HLq\Mh	.j \gҢ\F.Q}!O\O\UÚdhM\rY\nwL¹;{U\;~	5\k\\e\0\2\\ȮW쌗&B2@?/J\E\T\r9d;\\\\˙ln)\'#~x\\\S\nHfP6\\\\:|\\\j\Z|\m1\9/wo#\+)Y\(X\\U7/\\Ұ\\s\\\\.|\VMUFe;zs~sXҭe\\2\g\դ<\JIT\r\\pv34n:?Zѳ\`\Ds\|<w\?]f\A\ga!Yv9\9\Ӛ\]	fE\M!򷒋߿SIͲ\]F\\2 \s\\\\_[q;WS\Q\&$\0z\\\\5۵\\VL\98\9At5R\\\ Vlu\S۩2|\j\\46\uA	\\\\$v\AT(6\>d:F<\Tx\0W|6Ӿ\\}ͷtx|?b\r@9=k\\yן\\#ܤx<z9ߖ\֟T4\F=N\+\\"̻X\;U\簢*\cI?)b=E.v\\&DgJd\s\\k\\\S\ڡ\C@<\Z\#\%\n\k\Kr vA2[q\9\;$\e>[ʓ\\	}\k^\S.\#&Df#O\\\u\\\\'\\0?[Ҏ.\\j}l\r(\\ yA)J{UM2l\V?\Zs޽,x;\nEE\\N=\\F\l뷶*9Tl0\WY\RVL\ZtjO9\o\\/2\ ,\\ؖ\jc\)c\ṣJzBߖɧŉqQ m9\®C\nCSZ7\nzn)|KzѸQ\Ƙ )ۅ\.\'=)<\;\ZM\֍\nK\p (݂,zS\\0݃Xi4Q^EQ\M\0DJ\6\\npu%\'08\ksuM\D\\'\\W%0.\\F;xo\\pX\0Ҳp8\\;TU$:(T[rJ2\#:\5ΖKh\\\w\0\WOtGjp\\0\WV\S9y-\Z﹝\N3\1@<\$kɮ\\",Jq3\\0\]\؜\gRm\V\p\wvӚزlF	\^Vۤ* \\cp]<\\\GLsۧ#9泊;!\m|/\B9=\?\Zo?\7\ᙹ\\F}?Jq}Wd\\\\0\\?{\\X:\coI\+&\\\F\:(\0a\O\8\0>=o\\\эE\kR6]r\& \'9\kn\\[bmv\nǐ\\ʺ!Br\\\;|9nHX\V\L\ڸ\<w\0\Wunm\*;̿*WMeyCQ\0P\\6s\z\5g\rL\\\\㹹\\x<\]\\\0\t\0xMm\?\t\Z%,?uxeι\\ٻQMO۟nТy\\r\\\r\\&\lX\qgf\M\?Z{3\o\dF\pI\\G1\\\\\y\\d\0*+{q^FD\Nt\=dyV\F\'U-i/?\*6\\ô\,{\A\\j\qY۶\v>\Vmv/D;w&wHp\\E9T7?C]\0z΍\{Οjf4c\zR;@3\oSH%|\ԛE4\@\r\~\:R&>O\ΐ\ #AP\Z\0\I?\`QR\4\J?\}_\i6Zn\h;\rsGڦ\E-B\yz\Z>\?\0.N\0\V\\'\jqC~\?4mTu&\E\c5k6ր\:c:*\\,z\\\\\70\n\\\uIt\\'j\Z˾\\Ic\\]Ly=:z\KMO:*\Yu67\!\|\\\0SW=\qr!\6Pdm\J\\0\x\\\3<<\Y؜\\	kz4\Pag^f\ß\\UL\ZT\jxJ{Yq\\i~U=XZXA@\1\x\8=\Z\\S\\߸<W=O>n\E$d4Lc d{5\N+\[\ZmIp,0A\w\g܄J\;Ӵm^-B\	ِlԷ\r\!\d׍(sjZ_f\#&a嬏Lw\0&\'fR1;ޟ\Wnv\g\Yaa\A\\ɬ\\\U\\+\)Vr:\\0/Z\\.\$cl	\\q\:jQXV(wgNGq\9V\[rg*jy\\'^I<t\\5\N8\b#b-OT\rp$Ɍ$\z>\n\7\[N(\@Z\\>l\k;]E{Y<˴\0.XP\R9\Uw\V\\\,ќ	`\Zkkg[g\\\lKkۥ`p:V=I\`\\]ϖ9>Q\\f?Y\nx\cԷzdН\>/#\f\\\W+60}*=A\=\dD\\S\QԲ\\$\/\#\\n\\ЎF~T\m,\77r,;q\\`\s[\>&6\VH\"\!}ɮ<LT\c\'	\\_\s\]ƿ\m9o\$V4~_NG\Ey~ơ\jeO\\s\n\$\'k\5+ىhR5=ɯJf̻\˘K\d\0\^q,~Abd.G@Ep\I;3J\XlovϢl\ڢ\cxV@[\ZV\0\Zo\\\0\er־#X\\\q\V&yFr3\ͻG-\%v\bF;3֡dYz\r>+M_\\Z30?\\C\[]1wW<\Ǖ\3EUZ8\\I\\n	\f(O)>a\x\JhU/\A\QIxH(~R\NkXS\"UVěN\y\i\Dw9SUUv\lg\X:ΰ63\wS\\\\V\\{\\Z4V\^{$\ZG?OZb\\\'\0XRYh7ϹԨ\z`F\'3\O\ڜ/\"\\' `WA\\\\H\~\C\;eJc\\4\\w&T9i\\\L\ۆ\3iQQ\"U\\WCu#\07#ڣ\/\F*ȋO\\Z!\Gzoku[\\\'\b\ss\\\#\24\9\&\$Nͧ،ܘ\X{\0<QǶ*ȉٴ;\sw\\/g\0\\x\s\rާe,@\x\#J\zj\5aj\\ZS>\$@\oQ{9\09HtB_[\`}#IC_򻅎L+8Sݜs\L:<|yҁ\\Tw8?)\WʳV\R>Q\O\'9M2\\?Kya\\;t\\8\0\\"#`\^\iG[&J\ث4LG\0k<O M{܇\\W] \o$K!}ޮ\~\/*F6}ݔb\"\q\^iy\;\0sc*;720HB\Gd\+=\0\\5~Ԭ͛%\\pGaTɷ˷\=\rYԔ\mݗ\}\\A%\\dϯU\ޗC\CK\0,ESG\V %\\1\p\\\r\\9\MZu˜\\\p\\C\b\#\\VU4\\\uW:R͛oS\+guiuIQ\Ʊ<cfxJ\>\)n?y#\'tx%=$1뚢/^=k{}cGp F\\\s:6ڼ8Ҍ\r:c\*/ʠ\\\<7qOnIx\\{֎w\ihFF1\=N\yK{\\O~pP>c\\"HJRŃTɳ\\)\W\\\\0\}\\+ \wӤS̫Q:]\r|PN)7SO\YV94ZCGjJ\0J(\nB})RPPh\}(zu`#\0sM7ʜ\\Z\|9tn\#	\\Z\ssY\\'r\\o1\\1\nlS\qNM\\@9\w\5;\X\&y\\L\k!pU$Vq\7;gȬC1ao<z\C\Ag^3P\?ެ\.^\Nn7v\n\ط-\Kʞޕf\<)f\\PZ[\\ɷ\_Γ\\E1\\E=}\=9\0\TCRp_`ܑdy\/\\Vp\ZV\\\\\`)#ӏq->\v\Jw<\\ZSY7\\yus\^\mFq?\R\\Z7qM+Qp\0\~o\\ڻ4ؚЮ\F8\4\>A嘈\nP\\\{Ek<Otd\\_\\=\{ta\w\}r48\)\Q\f=\0\\ں߰C\mR\r=p\v\S\G\sI0Ϯ_jʷ\}\\;^\9\	\ÿҙ=\\\'`:g+[Q\r61-\W;s\7e\"\Ү2mh⓽ȣ\\vw$l~v>ڲ\\|!;LqUd\/|\h?\Һm\'\F\$.ǐO\r\&\/\'\ruZBJ\[@QUx\l\_-V#\9\Z$I#T\"\:\投QQpy=\MU\tY\ro]\+\k/-\\kyFVT(A&$\\\\~\r?Roݳ|<g\nk_<\"T\n\yW\k)-bh&\a\\\0\/VFm\\0y\F\SS\rR\}ś\\.\\E˰\Es\-\<\\,*#]O$\?Z>s\Z#:بZ:OI+;X\a8\\\z\\2ǘu?\޼\&\nA\t:5Q\3a	{\<-n\eI㪟o\\\\5\\\\Zb\>a\0֮\\\Haiqї\\^T\\\\"\\nBkA3ER\0&Mϭ\0-*e$(\irھ^{Wj\\5(XINgܚ-\\0;\Mp0y7\]\\\-5\o\\kA*dx\\\0תO\i\?j\0rhh~\\\I-\U{p\f֓\a\(\\\K\n\u\*H\s\M=\z\\J\ci腩Uai+k 4V\\\R4\\SocH\\#L\n˶O\0\09\\T\0\h7AvqԷ\r؜֟2ߩ\|\rq\\\0\+\'(ϙ\"=K\r\\?U$HO|*\\\r3Hp9\\wͽЕpAZQcޢ|dp:\_R\7\w\U-\{{tYO\(\n9 g\?*M\O\0Z\M;\0Zp$\j>lqOV\\0?\J\L\<L؎x^rK#Oz\5E~#\\$\y`8=;}+X\ѱ\\i6*nQǸ\]\0Չ fu\>Q2eX\Z(;=OA@\c$s\S9l\Mew\$%\E2jt搜ө\xy\\\C\\0\"T\0L9{=q\\\]Ma\E\m\dHO\'s\\Ǿ\\HV˫}\?.QG\|p:W\\NR4b]\~yTJG4\[\ed@z\Z֞DX\T}\\\G-Ш\rO׊б\0\\k!HT\QOހ=kú\|\0X`\w?oҷ\.\A,co\KC\0\ӵ\mIM\#8\\F\'=\4{8#*\ \k:0C\uHc#$H\r\q\\WW\gKgS{\\'i&4jK)\iۮ\\_\\\}bk\Z\\i	\3͏h&TP\ \"&\\01+4\\Z\";aF~d\`\:(\Uo\0R-=\/X\uӢsʩwn=q\+2kR\\'s*-\z\j\;\e\,\\1\n};\hۮsMTX#\lQ%[\*\f pd`=X\\\0-9 S\\\lw\\Q<\+5.\|Z.\\\\3Uba\Z\\\0yKR%\'ޢ\s֗\\\\BBzʕW-\LNܽ\\Mi\^\rHwaI\T%b\1\Բϕ,:+Ff\&y	E[pFWv~n\NGj\*\\oWcj\6=H\R<\k&\y%C?\ԏ0?M[?L6:\K\'\<c\JFƢ\ \\?ҒB\A~UB\A󩼥\Q9\XSB1{\naqץ;F\޻r:z\\0] \\\S\?\n\U\"\Aj\k\n3\Fp\n1\S^\:{kϼAnm\\w\0b]M}|͠guQ\$\\";Q3\0:\$\&1\\0\VrN\,\=\ -,v\\lm\2O\Zb/\'P?K\\rjȮ\ڃ ފ5\gj(\a\v)2i(\0kʽ\'q\b\\\WVMr\}XG>$ǩ\\?Z\\\)4cY^\'k7\\\Bߺ\֝5\\\+RYG}pG2N\\ܜ\\yE#9\~On+r\mǮ}=\I\"\\x@}jKK3[F\ޕ9\}h\4@8\h`I+ӵ\Y\c!FN\kL~Lc\ҩ\#\\	Tdn\Z\ZWOI׮s\"\g\0\k7H^YkL+[֧d|ˀ\\\ݼ\g6\\@屺r\f\O\A`\\yLY24\\\\@f\}G#>\\\\+\6Fx?\R߻!\휕p8oN@tF\畞\խ\9s \*J};z5&\墙zuk&\0\(\9\;\ZOm+\"G֟\klo\\#\\s\'͜?\\\ޝ\14\)\oq[\\qbg\'\8\0\Z\;\53ʵ/\\ʌ\\U\&\r\zp2}y\nu\r\@3l\\\,n1\'\n\Y\\x\0x\U\b\]jIsqVK폠\#j \_G\G\㧿\\\\]\\h^o|\\\N\W\x\3\\0\TXw,+&\#?֠-\*7$M&{A\\\\\7:g\;՛h\3\\N\Mm\G\j\0p1ڈaj\\\L8q\oƗ\7\4q߀=\Z\ƚ\rs]\u\0\1$\zSlrM\UX^ǧ9\0\\\Y8\\w~?\\\"A\oJR {G>_Z,1\ǹ\\E\\N\r9gn\Cvһm\\y\@F\\Гa^Ƃ\x\صQF\@WE}1\\㚯[%地;]v8\W,N$\!\{``ؓ\npOj\r\s6)!ܩkP{\S\\T\rUv\T\ey~Px uSs?(^nb\\?G+[=\r\\sz\\b=?e:^iu=!nnlY\~%,U}\3\##Ҫ%) qMX\Q/Eԗ39\ck{\[HbVC\\0J?\\\\\r\Ԟ\sҼQ,)2n9A۱ϦG⤏Qq)\n\\Q\}imP\\t\Җ\[\\^rzS\p%+\n}\\cG+}M{s1MC\\\0\n,Kg8\\ը\\1 5)Z\Wi\1\%qzN\̻=\0\\^|9\{+\Ӯ1t*=3D;Vx\U9-\k\A$;\.8\?QW\'6\ќdק\l8䏯\"ld\R\,2+\\\\GqZ\]C\>lO\\\\Oz6\\\\\E\BǏq:\\Z\\"6ڪ;t\iy3Z[so@v8\\+\0ɀG<j:לH\\\\\\\\-A<fj\\ȸ8v\Qk^!u\pN\V\/.\D\98\ֻ	\`\\\%fBg\u\p\o/ -U> ZUD5ڨ@gR]\nY\0r\3\*u\\\6oo֑Aʲe|\q׷Ԡ\x8\0?J9\N3\\>\@\;~N\0=zJa$\3K,\nZA\\4EF޽Zj\;\`\\n\0\\*^\ZR6J\\\\VVvnN}qy^\]\"(O&%-#O괲!G$g=\?Q-ܐ8={\\߽7>9\\ޅ#\\\\\zq\O.\\'?!P\:F7\*-\\w,g\\nn9ݝ{\ng\\2j?劓\\\N\WD\ɎI\G\\0ZX\\\.	os\Ue=1}=)\n_R\{\v\r\ExO;J\\r~T\\W</\lГnȖ\N#t!M\\F~c\,.\ӭn`\X\s֟tˁ5\(\X\xYđ۸\0G$\EKj\\;27\g\vf֥\k\-Fo\N\\\\\\w٪e4u۸\\Ei\w\\V\eP\)❏zmOp\\4\N}M(掀exG\\eH0\'S\Ҿqԉls+	c&)\0#\\A\^u\\f\R\eB>[=GzlG^\-jJZĢw\0?\\W\\6\$ǥPe\\ak{\p}\\\x\GA\?wܶrēC5~67\Hf:a>U\<?\<\YS8>Ɯ\t|\09b\~S+1\\kxȉ!֗\ }j\bR|T\0\n\<[\'#\uktc-\^\"/\ISǯO\:\\xãd\Z\ˑqY9\uʪn\ۚ+hw[(0 ersFl\e#$쪚-\6\<U#\\&\ܧF\\0̈́\7\qЪw \s\i\\\Q\Z&\vfm\>[\\DIfGS\+\wGP2+¯\.~ESK\i&\s\W<\5Ru;\8PEB\nz\\|enn\5aY\\0uc\7D.\o1BS\\'܇\"\\Z\7VEy\\Ա.9\\5#EcK\n;Q\\!\"%Pܳ\\0R	Aܧ;\r=?\Nx\'\"&Ubq?*\8$F\'8ɤշ)[.\Zc\O\N\\ \08\\'sVP+\{\03LBƹbc=\0\U>\}z= BL\\Қ\\\?̚rR\8\\\<g\:u4\\gөõ;jY&\\'<#\nn\ߜ|\?\0>I\'\\w9=}?ϽY\\0\Wa\\tv\\\\!\9l\>\թ\\8\(*\=G?T~=I>\ާ-\\sd\6\\=\c\b9\\ӵɽ%[ۼ]ώ\~ߍy׈o%S\\\>\WOp<MV2s\q?J\(y֔l\EIic/4yl\\`C!\\\z\b[.Y`r\5K\V\vO\"\9\ֲ\\\W)gy\t\Z\\\NLe\~1\@\\\\\7ȭ4`\ȤU\ǡ8as\\-p\r\=E\\<YYؿ\_/\\k\\&)e}\SN\w\"\\P1\0?T\+FR\\rN??QQ\-$4{͙a^c89Դ=O\wg 6\\|\\J\\^`j\VL\'\jM{\L7ʣ\"aZP\[ʚ\YGO/\tb\rgz%DW̌7\ lm.69{\TW1崍\\\\y/`\vǨSk[T\8\ޟJ鄑6wE|\dv\s]\|*}:\;\\\\[v\\\]1\\lA\\\z\\'\k2;wFkeb/\ڮ\tQМ\l1䢣)p1+[\q\V;ۀ~u2k&(\RQ\׉F\\cqP@S$d9\\~\t󘭾\\}\Zó_.\t8H\\\SU̙^\kF41݅oOz߂\[IR\խi\\Fvp\&\ݽ~\Xivp5E5G\\9km\0\\0~m`;0A\tMn`\nۀx*r\"Kgb95#\r\\&\\\J%\Ogk{n>\\W\֘dW8QZ9\\ޕ\K\\(hڎd.[gC\Ur\K\=k\\\s\\:đש\\V\\QDq\9\\yz㟩?\*ǤR}Tk|lzV3jŝ\\>\i\\8&[\\\\B7`z\\n\<;\0֯\&W-\v\0\T!	\}~\l\0\\0?֘Y\r}\od<s\Zk˷8\\\9\\'\\\\\\Gwvֶ\~v;#?\Bב\^\0\Ve\$v\0\\T٭MXל=ISĚt\'\\0}㞟jiKn-\\mf\`\b\\nY/Sv(R\\\\3A\Z\	\0sU\t-\UD0yy\+^\=J擲6|[wiwv\0?hH{U;\j\@q\>ȯ#t8Ҋ9p\\0nb/0\rHn3\X\yBXj@\9fWe<I\\\sA\4\bd\(?\|\\\\L̩\\xu\5rkIKaKS\rI\]id\E9\	\w9\|B.?\\\!8Bi״0{\\M㫇ky\.\\k\]o7mvwRz\M;\#7\F}Ct#\\Zވ\4\R\\U\YI\)HF\0\Rƴѓfto3Z\-D:\\IFG+\[\Nc$w\\ۀ=)m\bdX\9Cl\"j˵\Z%d03n_*Op٫Px{SR3?\0\n\`.1\i\\rA\?\YV_1-\UT\\0\n~ $@\\\Ê\ d\0[\n?=S?5~+\\';do%iF\i,N&>e{\Z2<\Hή0TT[m\w+Ezinw),\HG\\ƮYBeL,QƻA\\Z\J\\\<\Yu\\\UH?a\G\ֽXt,qFUFAR\ZUvuS\Zj\1{A|pV\0S!|Fq?J\Krͺc<ڎޑJ\\$p\\\i\f\I	z v[ס\\\\]\aR?yox`\0_op/\\\>]X6=Gt\\LF\0q߽,\\\a\kEͭ.Xi|\\\j߀x8\0\ZYs\8S\*5v<8v]I\'mL\0\£\Ro\ymZW\l)\w\\>\mk=9篥R\M\g\\uo\Md\\}OA!\\'=\H9\s\\0\\S\mt~G\<Nz\\yދ\o>UxRP}j4`w/Q\}\ԮKCncW\A\\<\\.\r\{\0\^Tsl\'\n=b\ ;7.rv\[Ap9#\h\\'\x\\0~V\'\<`(p0>h\GC\0i\\UfI6}{\supO\؞\0\?\u5:\=F#6r\9e\\\n\\\-7\"\"A=\m\`ӿ\\nvrI\f\0a$3$q\\ZY\\ߛC\_\ֶ\w\0JEs$&y\)]\\xB\\^\\\O.x@[r}W\clp\l2h\fBH\v\'{y#KI3ZG$0OB-%v_\e\\\V1\\?!Uy\rCF&\ڔ@~\\nAs\@\\ԩ)\ׯ=˓J.ni\SYY\p\s\nθ\0\][\Z0#I\0~U\0\鈳㗊fL}\n?e\\\.1\| \\6D7	nm?\܏\?V\X][<\~\n}ĶR8vdW%]9&H{\Zi\;+?OҺd\?s\nbD`~u+T\'9\\\TĐ\يuaѱ(r\0\ne[Ht\0V\ʃ*2\[\ܰd#J\gCm!\#cUd}=Yu\\Q|pW \\\q\\)]>I\\g߼\`\'K\6\\r\\rc+\f\o6\K?я\\\\\<WC\\Ht x\\\E?Ooܶ\_\p1\9?)5\\FȆB݋?\0^\\]\q\\@\\\H\U\&:[oC\/OVo-`jk뼹6\9k\'\ׅ\\\72L\x.ܑ\n\x9G%\$\\"\\\DW](؄1\"8\-\\!\0{\iPr	9~\0^ȆmB\d(~\;\٤p#\0ܒ0:gՕsU\0Z;|&\\ɐ\\@G<sƧX\L\9S3YN\1\^9\],W(\w:sq\I\E \?J\x\w:j9>\<N)I^CΒ]ϳ*.>\\\3˟S\ODs#Mq3zd:\\k.dfè\S\\\\\\6X9<{\r\b\\\9뜚l\\\ڍ}7>MG\0	&v9\\jQ@y\s\F\xoq<\Ϡ\"[\ѱ\(\\n\4&/Ѳ?\0\Od`FsP[K}Nj\\kA\\4\(ʒ(O\8\\TN\98\8\O%\cpGE\0\ZEن;w\+uFl\\\0YPp\\R\K!AGX\`ǯ^FkliK&.\¬Khݔ09\0*-֧&,D1C\@1\\n~\S\=?ϵk?9\{UiC}\QZ&CF{e\}[+kDXXF\?a\\g*3\\\dlf8fބ\0L\0Z!nv\>d\\[2y0tneC5\rgojԸ2Tua\yZ\G~c\ݎ9u;ku;N [z~\\\rOݪV\\wmϯ\y\8=\\ar>玷Jp\\\\MR^\rÁ\0]b5ګQ/^k\\ػ&y)\ž?\\9%[\\\FzEFo\^җ3\ZH\Iϩl*k\9_\\0v-iC\c\ݎ\\N==*ӣ\\\i>j\>-\ܱ1\1P\C,?\O\R`w\r\Aï\\uw>j\ް\3P\\]KT\1s?	@g@ѹ5\|\\0k[|&ң\YϻT}jb\\FѳoK\o\K\g<*/\^\k\I>\5\i\Z,:,63.ӱ@#H\\g\_\e\Wq\G\sbzֽ?M\,|=bhzE2\=MKo-{y<qR]j>P\'\ϡ\g\n-\,\.U3\O]y\\e\^x]dR:ա\A\+%\\9<\USv*T\jV\\0k1\cf\\\0wUE<D\U\#ygS\I\\Xfn|)Vsڠֳ\Vn\MbO(\\(\D6w;\\Odjip\\z歼Ms\r\C\՗\&xyU\'\*-dc\00\Q^Y<Гiq\Kؕܧ؊q~L8n\=/%q\Nj]\\)҅Ei+\<Ml\i9$3\g_#\\̀r\_\[6sV\\nMz\vO6Y3!#\}\eNNTή\/.\r4ey̑F{Uk+\4d1\ƽ\nxZ]N\n\Z\W\\\/xIb\0Y;\<>p1\ֶ\߅\Q=q+u\\Ñs\n\GGrºXrl\\t4qC\<~\b]h1F6\nh<\\ʹ㙳\[\0~\nגyL;*t-1>\\Cy\n\_\~Yd\F\^\y\:T\\=H?ҳ\"\k+\nNBʣkEM\\)~>k9\?J|G\~l~\V\Z&%d\m@?\y|?\uK\\\\*0}\J\E4_v\\ewF\\+\\1\"â\F\<5^Tv&᱃$\\Ht\\82N1ϥX\1>>n3ނ\ᆕ\wSY9\\$\F_E5h6gh\HNsS\u\NH\NP.IbpXJ\4\}BQ\\\Sȓ]]i[[ht\\\\_rt-u8\9V\\\X2\\V5\L\\5)(\\ұU\\nz&*̓\	9(\O\Lkr\G?\\\0ƃfj\\:C.W<CS\\hMuBٜz\^z<;+YO\%}MoT\\k\|0\\\p\Z\0.h>\^Q.G\eN[|\\y\\ߥlZ)\\"\\\0kԾʫ\4ʏi7++dpv\0t>\_R8<)gݴc+Xǧ\K\ɩՆ\Z$Hxq銸TKA9 p۟M$KE4\\E(c\\\WҥXǥjMٝ\N[:\Dݩc>D\\K!\Vb\\_(OjT.f@mE}\"\H\n\wy1c\˼Ȥm\"8\\"\Q[{Rmqe*\smJˏ8\ګ/eײ\?ºݞ4)֙\+\ry>Xc\+ϼI\moD2Vĝ\E{\\pqL#W\Zq[{i>lCq\ʥ_<1Ԋ4x\\\\0\r$5\\0c=\Ҽ\%\rGS0A8(\M\ϙk\G\4\!`{V}\58Ǧ|s难\gJ8\|\Ңù\B\\@>_&+ؖ\\Q\v|S#Ff/&kY^Ē7\n_\r\޹\n}FѓcU7<7RI+RF\_^:~庌p[\{V\n\TfS\<\rW\"\"\\7Qɸn z{\f{G;7˷\xsMtbeu\\n0H3:ԜĄ\<\\V#\U\\\-\S\_ӵ=Iꚅ\\z\U*v3gO;Z@w\\(\T\}SEyY\o\Uc\(\\\F\'5\\[HǢ.?S\\rK\Ȑ\HGFnj7\\\}Mc]ʁp_\gBqVN):\hd,\Fأ	&\\\tpIǥ@ r\e\0ryFr\0=\\\k\#\\'Yw9\0Q\`\=\0!#3O\=\5MA\utG4Xgy\\Gꮹu\\\v3=#\?\ZyO\8g|rHr\F\V\\t\	بA)z˃ҘWU\vf\J=\\s\4\\sV=*\C\\j~D\\uaԌ߻b+Bub0k\\ě#\SYji\l݌W\ΗV\48*\ \X5$JyPi6Ӱ\G4\)R\y\<ILi\u?\<U\\0G\M8a\0\\Rk˾\ZxkSռNںD	b\\\2v-$\\\\֗m9zR\\\\n\+\/\\\cz\mi\n\II2D{[r)\ه=\1t\}\O\x\\x?\>_xU\gc\[\\GTj)ne%9$ը5+C\\Zpt:XR]ka[5\\zsM\DfD\\Ǡ\E\2}\0hG\n\+t?,s7P.\}M	~\9Z?f욲\Z<\#-ٚs`q\\\\\r=\\pl\\\\\1\'\n֭N\ϒ\\<\bn\nԖڕHppǹ~;g*y\l\$N\\"\\*qd\\=	X=\	Uz?h̸Y\\ΚIKG?Bj\\r1+x<t̅\\Zꖳ\6\+FVK}\\l/Wq\\߈\d]躬)\0b\!tɱ\\_c\\\5r\ּXX.&\'\u \\s\ޓ\\h\0=\T/t\\'\\\4R\1\scZV\\ߍ!\۸v\e\Toc\0֨B.>\ 5\\5Yl\Z`ƤfP\[4Um\.gc\(\"Qy\\HSߚ_c#\\ZcJ\T\޵kFRwW\-JHJ\#\)ʹi@]\hQn\0Ca4\\Z\R	\*Y2sg\\Z\1ЉJ\\\\Zw`	XU\\y\~4ߴۯY\Iw\_+,v2\c8\\UkֺJ\\@\bf?xWdq\\\e\\m\\\\]\*\b)lU\\dU[˴L,z\\\[[L^t,<,À\\\N5\.u\8#&\A4_K+Ns\"STFOi\SLo\\\\\2\Gcџ\-\\\^ksyR!Shۜx*\Żo<G3lSa\\Z\-tT\U`\n\@W\0z\nF\\RQs\\exJx\\\zUY p$+Z\\L11J)r*7ŤWPS eaS\;n(\<U\4Uia΄\0|\2\\-g\bxS\s(ɯ\)pka\rqje\\gq\|w\0%Rv\\\5F߹,G^\Cuqu\s\BIIŹ܌Đs>\?Z\\~1m|,\\ུ\\K؊>\;\'j\\\I?\8\/4K\п0VE-pq]М9mQ~׌\\XI}\\@~\֊Fߌz֎o4~c(o;\\\\K\N̡\ZJ;\\mFn\Ե\0v\r.hH\';\{X)jн\\ay<\MxktA\ܹ&\qC!d\@?g^Kqx\\\\\0?֡\\FW\\օ\\-Fѐú5(\5-&HOPMd\ahdķp`]\r\/i!{\V\\0\k88\\\\C\E\;X~,z\8i:\V\\Ѿ\U&\1S\VD\Z\+f\?\5\R\"kUR21)Dр+,\\>\Z1\\\\\\\U2r	\0$БT#d1\Ҫ\0\de\T2$6\ʊY\}\\E\3\/|UiɶI\rf\L\`]9\y>\O\)iv,kۭ:8\f\'Y_CӍ7\\kJ\\\Ґ	4\3$\	~q\]q\R\wf\YhZe\CL#4ĺW\r<|\*F&?\nIfiaNᑎ\>.֢5\ؿy$nQS\Qa	?ޭS\\S}B;\Z\ CjGZ\UZN1\\Z?}}\T\2\^7Y1[?\/\s\\rė2%\0sO:n*ȭ\\)~k˩\Ss\.ׇK2\8ܻH\^=ȫ6^\\\j\3z8[Vy<i\KMHlleۀ\\?ki0\\\om\=\\Z,|\Nz\EWПB\\p \'>WaE@\9ãN\\QF*\'G)qn̤Z\ε\^ە7> Ҁ\\>V\\s\/}gUsP]x\\6\Iy=v\ľ*?:\Kyә\	Z|\~b\w1yG獸&>(Ohimn6y\.u\rrMND1ֽO\%\ӣ	\0Us\'\\)6\dS=\!SۊGZ!)\WHy\qZn\r!߇\\$\r\0\n\\iz-m\8\_@KP\m\\D鑜R\qz\xv:\p\0rC\X\\\co䋧\ҽ#QԖRK!\\0\Tđ\RCӫ~U\\]>]\Ѥ\9\_\|!\bkR\\(\j\-M=\vƙ\ڹzzΘӂZ#XۢG\\\\\)s\6s\\'{Vl\ćǥ\nS\\V۵\\*N@>\׳&B\ZΕ	\'ޫ\}Ed+cT~u]\-\\q\\i\i?x=ir\wF\\[Jh\a\@5B};OP\U\zi\lؚ\hv_\7\dγn|=;>]B\1ـ#1#\ΔO(mEh\#9P-ыWl\\̠uƬ\'|.Vh\|G\+G\׏A,L>h\Mv\̪\}N9\)kM	)w냌U=J;E#Q\D<-\}iv\yW\c9+es\;*+]SPl\H\\4WR\\\s}^}k\e֧R\"\}k\\\.@\\Z\E0@7t6z*\\\C\#gmG\jQ\\MQV7vTK`:)\@\PdP\dPfKF;P\\0Օ^\?*R.\\Z\z?5\nvʭ␁Uʂ\\61灊6:UӷuF\	\\Qkl;\Z#\!3\P~u\n]G\U\\8\\\0|g\Qfz\*C[̫\h:̿?u\ni6}Oʢ:Uh\~4ޞg_Ϊ?οf\nW\r`QqK0V?Ұf~\?3.1\\\)E\/p|\_\)ſ\M<}\]#\\0N\nk\\c\SA<ܷoΫ\{-\06\\\\Gz>!_ݍW\\Q\"R=`޿\y\V~(\nU[>\\"?g#\d1:̼\\\ʁ\lPy%I\\\xSq^?\Un[\`q%ԅH\YT	\\\ZAJ\\\+v<\\UO!\SI<q瞭\\\9W\\:vVt\CXD\n`;}3ɨ^\%\{mG\c\ıU\t>\,s1\*\\Lp|L\)s]#9\jh\d21X\ll\i@8l+\KS\"f\1\\0|\_\W`;t\\	\0:\8\\u\5rjY\'dcvOZ[0ª\\^k9`J*#[I)Gt\Y<\rsSJ44ŏ\=x:]\\=F+\\7\rN0\\^U*\jڲԮ\$f\\:ቺ\Ɍ\!+\n\]qb!\\~q\W<N;5b\eJG\\Y<#\n\ӟ1G\E\ݑ塣S\j7֭YW󢊞f_* X/YW\v	\0-󢊇6W*!o\ZXB\rF\8O\EȈǱ\\\P\!j(\d\$\\\SU\\\\(h.\(D0ԟ\Rnc𢊎yw\"\\'\0[Ua\\tQQ\.\I=\\?\Qs#Ɗ)s1,ORO\M.qM\EC\.1@@)<QE1\r \4ފ(&(@8\\0V\Hl7\V.\}OQE\Sn\,DY.\ܶ=	8#\ޣ\I\"\.\6>Ҋ+[\F\La \1\z\E/FWB\"\N\WE\ZzM\\6\S|-WT۱V&q\)5(^\Ȟ\h\hgTv,\rj\l#/$vCdp\sǊ(\ð\\\',43,'El Salvador','San Salvador','aeraeg');
/*!40000 ALTER TABLE `emprendedor` ENABLE KEYS */;
UNLOCK TABLES;

--
-- Table structure for table `emprendimiento`
--

DROP TABLE IF EXISTS `emprendimiento`;
/*!40101 SET @saved_cs_client     = @@character_set_client */;
/*!50503 SET character_set_client = utf8mb4 */;
CREATE TABLE `emprendimiento` (
  `id` int NOT NULL AUTO_INCREMENT,
  `estado` varchar(45) NOT NULL COMMENT '"Huevo", "Pez dorado", "Tiburon"',
  `descripcion` varchar(500) NOT NULL,
  `historia` varchar(500) NOT NULL,
  `eslogan` varchar(500) NOT NULL,
  `inversion_inicial` double NOT NULL,
  `fecha_fundacion` date NOT NULL,
  `venta_año_anterior` double NOT NULL,
  `oferta_porcentaje` double NOT NULL,
  `id_emprendedor` int NOT NULL,
  `nombre` varchar(100) NOT NULL,
  `nombre_foto` varchar(300) DEFAULT NULL,
  `foto` longblob,
  `video` varchar(900) DEFAULT NULL,
  `email` varchar(150) NOT NULL,
  `telefono` varchar(25) NOT NULL,
  `facebook` varchar(900) DEFAULT NULL,
  `instagram` varchar(900) DEFAULT NULL,
  `youtube` varchar(900) DEFAULT NULL,
  PRIMARY KEY (`id`),
  KEY `id_emprendedor_idx` (`id_emprendedor`),
  CONSTRAINT `fk_emprendimiento_emprendedor1` FOREIGN KEY (`id_emprendedor`) REFERENCES `emprendedor` (`id`)
) ENGINE=InnoDB AUTO_INCREMENT=8 DEFAULT CHARSET=utf8;
/*!40101 SET character_set_client = @saved_cs_client */;

--
-- Dumping data for table `emprendimiento`
--

LOCK TABLES `emprendimiento` WRITE;
/*!40000 ALTER TABLE `emprendimiento` DISABLE KEYS */;
INSERT INTO `emprendimiento` VALUES (1,'tiburon','Canción','Mientras me bañaba tuve una iluminación','No tengo dinero ni nada que dar',0,'1971-07-28',1.234578912345679e16,0.3,6,'Alma Jóven',NULL,NULL,NULL,'','',NULL,NULL,NULL),(2,'Huevo','Somos four','Cuando se salió Zayn','Four',5218.22,'2020-07-28',500,0.56,8,'Four',NULL,NULL,NULL,'','',NULL,NULL,NULL),(3,'Huevo','eargag','aerger','shtrhh',12314,'2020-07-08',123,11,19,'shsth',NULL,NULL,NULL,'','',NULL,NULL,NULL),(4,'Huevo','gear','eargeag','dafgare',123,'2020-08-03',123214,12,20,'agae',NULL,NULL,NULL,'','',NULL,NULL,NULL),(5,'Huevo','aerg','aegr','adfg',120434,'2020-07-29',123,12,21,'asdgaf',NULL,NULL,NULL,'','',NULL,NULL,NULL),(6,'Pez Dorado','aerg','areg','aerg',120434,'2020-08-02',12,12,22,'aeg',NULL,NULL,NULL,'','',NULL,NULL,NULL),(7,'Huevo','waef','waef','awef',12,'2020-07-27',12,12,23,'wef',NULL,NULL,NULL,'','',NULL,NULL,NULL);
/*!40000 ALTER TABLE `emprendimiento` ENABLE KEYS */;
UNLOCK TABLES;

--
-- Table structure for table `especialidad`
--

DROP TABLE IF EXISTS `especialidad`;
/*!40101 SET @saved_cs_client     = @@character_set_client */;
/*!50503 SET character_set_client = utf8mb4 */;
CREATE TABLE `especialidad` (
  `id` int NOT NULL AUTO_INCREMENT,
  `id_emprendimiento` int NOT NULL,
  `id_categoria` int NOT NULL,
  PRIMARY KEY (`id`),
  KEY `fk_especialidad_emprendimiento1_idx` (`id_emprendimiento`),
  KEY `fk_especialidad_categoria1_idx` (`id_categoria`),
  CONSTRAINT `fk_especialidad_categoria1` FOREIGN KEY (`id_categoria`) REFERENCES `categoria` (`id`),
  CONSTRAINT `fk_especialidad_emprendimiento1` FOREIGN KEY (`id_emprendimiento`) REFERENCES `emprendimiento` (`id`)
) ENGINE=InnoDB AUTO_INCREMENT=4 DEFAULT CHARSET=utf8;
/*!40101 SET character_set_client = @saved_cs_client */;

--
-- Dumping data for table `especialidad`
--

LOCK TABLES `especialidad` WRITE;
/*!40000 ALTER TABLE `especialidad` DISABLE KEYS */;
INSERT INTO `especialidad` VALUES (1,1,1),(2,2,2),(3,2,10);
/*!40000 ALTER TABLE `especialidad` ENABLE KEYS */;
UNLOCK TABLES;

--
-- Table structure for table `fundador`
--

DROP TABLE IF EXISTS `fundador`;
/*!40101 SET @saved_cs_client     = @@character_set_client */;
/*!50503 SET character_set_client = utf8mb4 */;
CREATE TABLE `fundador` (
  `id` int NOT NULL AUTO_INCREMENT,
  `id_emprendedor` int NOT NULL,
  `id_emprendimiento` int NOT NULL,
  PRIMARY KEY (`id`),
  KEY `fk_fundador_emprendedor1_idx` (`id_emprendedor`),
  KEY `fk_fundador_emprendimiento1_idx` (`id_emprendimiento`),
  CONSTRAINT `fk_fundador_emprendedor1` FOREIGN KEY (`id_emprendedor`) REFERENCES `emprendedor` (`id`),
  CONSTRAINT `fk_fundador_emprendimiento1` FOREIGN KEY (`id_emprendimiento`) REFERENCES `emprendimiento` (`id`)
) ENGINE=InnoDB DEFAULT CHARSET=utf8mb4 COLLATE=utf8mb4_0900_ai_ci;
/*!40101 SET character_set_client = @saved_cs_client */;

--
-- Dumping data for table `fundador`
--

LOCK TABLES `fundador` WRITE;
/*!40000 ALTER TABLE `fundador` DISABLE KEYS */;
/*!40000 ALTER TABLE `fundador` ENABLE KEYS */;
UNLOCK TABLES;

--
-- Table structure for table `guardado`
--

DROP TABLE IF EXISTS `guardado`;
/*!40101 SET @saved_cs_client     = @@character_set_client */;
/*!50503 SET character_set_client = utf8mb4 */;
CREATE TABLE `guardado` (
  `id` int NOT NULL AUTO_INCREMENT,
  `id_inversionista` int NOT NULL,
  `id_producto` int NOT NULL,
  PRIMARY KEY (`id`),
  KEY `fk_guardado_inversionista1_idx` (`id_inversionista`),
  KEY `fk_guardado_productos1_idx` (`id_producto`),
  CONSTRAINT `fk_guardado_inversionista1` FOREIGN KEY (`id_inversionista`) REFERENCES `inversionista` (`id`),
  CONSTRAINT `fk_guardado_productos1` FOREIGN KEY (`id_producto`) REFERENCES `productos` (`id`)
) ENGINE=InnoDB AUTO_INCREMENT=3 DEFAULT CHARSET=utf8;
/*!40101 SET character_set_client = @saved_cs_client */;

--
-- Dumping data for table `guardado`
--

LOCK TABLES `guardado` WRITE;
/*!40000 ALTER TABLE `guardado` DISABLE KEYS */;
/*!40000 ALTER TABLE `guardado` ENABLE KEYS */;
UNLOCK TABLES;

--
-- Table structure for table `historial`
--

DROP TABLE IF EXISTS `historial`;
/*!40101 SET @saved_cs_client     = @@character_set_client */;
/*!50503 SET character_set_client = utf8mb4 */;
CREATE TABLE `historial` (
  `id` int NOT NULL AUTO_INCREMENT,
  `especificaciones` varchar(500) NOT NULL,
  `oferta` double NOT NULL,
  `porcentaje` double NOT NULL,
  `fecha` date NOT NULL,
  `id_emprendimiento` int NOT NULL,
  `id_inversionista` int NOT NULL,
  PRIMARY KEY (`id`),
  KEY `fk_historial_emprendimiento1_idx` (`id_emprendimiento`),
  KEY `fk_historial_inversionista1_idx` (`id_inversionista`),
  CONSTRAINT `fk_historial_emprendimiento1` FOREIGN KEY (`id_emprendimiento`) REFERENCES `emprendimiento` (`id`),
  CONSTRAINT `fk_historial_inversionista1` FOREIGN KEY (`id_inversionista`) REFERENCES `inversionista` (`id`)
) ENGINE=InnoDB DEFAULT CHARSET=utf8;
/*!40101 SET character_set_client = @saved_cs_client */;

--
-- Dumping data for table `historial`
--

LOCK TABLES `historial` WRITE;
/*!40000 ALTER TABLE `historial` DISABLE KEYS */;
/*!40000 ALTER TABLE `historial` ENABLE KEYS */;
UNLOCK TABLES;

--
-- Table structure for table `interes`
--

DROP TABLE IF EXISTS `interes`;
/*!40101 SET @saved_cs_client     = @@character_set_client */;
/*!50503 SET character_set_client = utf8mb4 */;
CREATE TABLE `interes` (
  `id` int NOT NULL AUTO_INCREMENT,
  `id_inversionista` int NOT NULL,
  `id_categoria` int NOT NULL,
  PRIMARY KEY (`id`),
  KEY `fk_interes_inversionista1_idx` (`id_inversionista`),
  KEY `fk_interes_categoria1_idx` (`id_categoria`),
  CONSTRAINT `fk_interes_categoria1` FOREIGN KEY (`id_categoria`) REFERENCES `categoria` (`id`),
  CONSTRAINT `fk_interes_inversionista1` FOREIGN KEY (`id_inversionista`) REFERENCES `inversionista` (`id`)
) ENGINE=InnoDB AUTO_INCREMENT=39 DEFAULT CHARSET=utf8;
/*!40101 SET character_set_client = @saved_cs_client */;

--
-- Dumping data for table `interes`
--

LOCK TABLES `interes` WRITE;
/*!40000 ALTER TABLE `interes` DISABLE KEYS */;
INSERT INTO `interes` VALUES (1,1,1),(2,1,4),(3,1,8),(4,2,1),(5,2,2),(6,2,3),(7,2,9),(8,3,4),(9,3,5),(10,3,6),(11,3,11),(12,5,3),(13,5,8),(14,5,11),(15,6,3),(16,6,4),(17,6,5),(18,7,1),(19,7,6),(20,7,9),(21,8,2),(22,8,3),(23,8,7),(24,9,2),(25,9,6),(26,9,8),(27,10,2),(28,10,4),(29,10,7),(30,11,2),(31,11,6),(32,11,9),(33,12,1),(34,12,5),(35,12,7),(36,13,2),(37,13,5),(38,13,7);
/*!40000 ALTER TABLE `interes` ENABLE KEYS */;
UNLOCK TABLES;

--
-- Table structure for table `inversionista`
--

DROP TABLE IF EXISTS `inversionista`;
/*!40101 SET @saved_cs_client     = @@character_set_client */;
/*!50503 SET character_set_client = utf8mb4 */;
CREATE TABLE `inversionista` (
  `id` int NOT NULL AUTO_INCREMENT,
  `nombre` varchar(100) NOT NULL,
  `biografia` varchar(200) NOT NULL,
  `email` varchar(150) NOT NULL,
  `tipo` tinyint DEFAULT NULL COMMENT '"1-Individuo", "2-Empresa"',
  `id_usuario` int NOT NULL,
  `pais` varchar(100) NOT NULL,
  `ciudad` varchar(100) NOT NULL,
  `foto` longblob,
  `nombre_foto` varchar(300) DEFAULT 'default.png',
  PRIMARY KEY (`id`),
  KEY `fk_inversionista_usuario1_idx` (`id_usuario`),
  CONSTRAINT `fk_inversionista_usuario1` FOREIGN KEY (`id_usuario`) REFERENCES `usuario` (`id`)
) ENGINE=InnoDB AUTO_INCREMENT=16 DEFAULT CHARSET=utf8;
/*!40101 SET character_set_client = @saved_cs_client */;

--
-- Dumping data for table `inversionista`
--

LOCK TABLES `inversionista` WRITE;
/*!40000 ALTER TABLE `inversionista` DISABLE KEYS */;
INSERT INTO `inversionista` VALUES (1,'Mark Cuban','Dueño de los Dallas Maveriks','mark@$$.com',0,1,'','',NULL,'default.png'),(2,'Lori Greiner','Mi patrimonio es de 70 millones ;)','lori@baby.com',0,2,'','',NULL,'default.png'),(3,'Grupo Poma','Millonarios ','poma@gmail.com',1,7,'El Salvador','San Salvador',NULL,'default.png'),(4,'Grupo Poma','Millonarios ','poma@gmail.com',1,7,'El Salvador','San Salvador',NULL,'default.png'),(5,'Inversores s.a de s.v','Grupo millonario','invii@gmail.com',1,10,'Mexico','Veracruz',NULL,'default.png'),(6,'Macro','Macri is life','macro@gmail.com',2,18,'Lituania','Belgrado',NULL,'default.png'),(7,'Totto Ito','Vendemos mochilas','TottoIto@gmail.com',NULL,21,'El Salvador','Usu',NULL,'default.png'),(8,'Melanie Peña','Soy el torito del mundo','mel@mel.com',NULL,25,'El Salvador','San Salvador',NULL,'default.png'),(9,'Maribel de Lopez','agaeg','mariltraducciones@gmail.com',NULL,29,'El Salvador','San Salvador',NULL,'default.png'),(10,'Pablo Mate','sgsergh','pablo@pablo.com',NULL,30,'El Salvador','San Salvador',NULL,'default.png'),(11,'Guillermo López','ggerh','gui@gui.com',NULL,31,'El Salvador','San Salvador',NULL,'default.png'),(12,'Ernesto Fernandez','awgegr','ernest@ernest.com',NULL,44,'El Salvador','San Salvador',_binary '\\\0JFIF\0\0`\0`\0\0\Exif\0\0MM\0*\0\0\0\0;\0\0\0\0\0\0Ji\0\0\0\0\0\0\\\0\0\0\0\"\0\0\\\0\0\0\0\0\0>\0\0\0\0\\0\0\0\0\0\0\0\0\0\0\0\0\0\0\0\0\0\0\0\0\0\0\0\0\0\0\0\0\0\0\0\0\0\0\0\0\0\0\0\0\0\0\0\0\0\0\0\0\0\0\0\0\0\0\0\0\0\0\0\0\0\0\0\0\0\0\0\0\0\0\0\0\0\0\0\0\0\0\0\0\0\0\0\0\0\0\0\0\0\0\0\0\0\0\0\0\0\0\0\0\0\0\0\0\0\0\0\0\0\0\0\0\0\0\0\0\0\0\0\0\0\0\0\0\0\0\0\0\0\0\0\0\0\0\0\0\0\0\0\0\0\0\0\0\0\0\0\0\0\0\0\0\0\0\0\0\0\0\0\0\0\0\0\0\0\0\0\0\0\0\0\0\0\0\0\0\0\0\0\0\0\0\0\0\0\0\0\0\0\0\0\0\0\0\0\0\0\0\0\0\0\0\0\0\0\0\0\0\0\0\0\0\0\0\0\0\0\0\0\0\0\0\0\0\0\0\0\0\0\0\0\0\0\0\0\0\0\0\0\0\0\0\0\0\0\0\0\0\0\0\0\0\0\0\0\0\0\0\0\0\0\0\0\0\0\0\0\0\0\0\0\0\0\0\0\0\0\0\0\0\0\0\0\0\0\0\0\0\0\0\0\0\0\0\0\0\0\0\0\0\0\0\0\0\0\0\0\0\0\0\0\0\0\0\0\0\0\0\0\0\0\0\0\0\0\0\0\0\0\0\0\0\0\0\0\0\0\0\0\0\0\0\0\0\0\0\0\0\0\0\0\0\0\0\0\0\0\0\0\0\0\0\0\0\0\0\0\0\0\0\0\0\0\0\0\0\0\0\0\0\0\0\0\0\0\0\0\0\0\0\0\0\0\0\0\0\0\0\0\0\0\0\0\0\0\0\0\0\0\0\0\0\0\0\0\0\0\0\0\0\0\0\0\0\0\0\0\0\0\0\0\0\0\0\0\0\0\0\0\0\0\0\0\0\0\0\0\0\0\0\0\0\0\0\0\0\0\0\0\0\0\0\0\0\0\0\0\0\0\0\0\0\0\0\0\0\0\0\0\0\0\0\0\0\0\0\0\0\0\0\0\0\0\0\0\0\0\0\0\0\0\0\0\0\0\0\0\0\0\0\0\0\0\0\0\0\0\0\0\0\0\0\0\0\0\0\0\0\0\0\0\0\0\0\0\0\0\0\0\0\0\0\0\0\0\0\0\0\0\0\0\0\0\0\0\0\0\0\0\0\0\0\0\0\0\0\0\0\0\0\0\0\0\0\0\0\0\0\0\0\0\0\0\0\0\0\0\0\0\0\0\0\0\0\0\0\0\0\0\0\0\0\0\0\0\0\0\0\0\0\0\0\0\0\0\0\0\0\0\0\0\0\0\0\0\0\0\0\0\0\0\0\0\0\0\0\0\0\0\0\0\0\0\0\0\0\0\0\0\0\0\0\0\0\0\0\0\0\0\0\0\0\0\0\0\0\0\0\0\0\0\0\0\0\0\0\0\0\0\0\0\0\0\0\0\0\0\0\0\0\0\0\0\0\0\0\0\0\0\0\0\0\0\0\0\0\0\0\0\0\0\0\0\0\0\0\0\0\0\0\0\0\0\0\0\0\0\0\0\0\0\0\0\0\0\0\0\0\0\0\0\0\0\0\0\0\0\0\0\0\0\0\0\0\0\0\0\0\0\0\0\0\0\0\0\0\0\0\0\0\0\0\0\0\0\0\0\0\0\0\0\0\0\0\0\0\0\0\0\0\0\0\0\0\0\0\0\0\0\0\0\0\0\0\0\0\0\0\0\0\0\0\0\0\0\0\0\0\0\0\0\0\0\0\0\0\0\0\0\0\0\0\0\0\0\0\0\0\0\0\0\0\0\0\0\0\0\0\0\0\0\0\0\0\0\0\0\0\0\0\0\0\0\0\0\0\0\0\0\0\0\0\0\0\0\0\0\0\0\0\0\0\0\0\0\0\0\0\0\0\0\0\0\0\0\0\0\0\0\0\0\0\0\0\0\0\0\0\0\0\0\0\0\0\0\0\0\0\0\0\0\0\0\0\0\0\0\0\0\0\0\0\0\0\0\0\0\0\0\0\0\0\0\0\0\0\0\0\0\0\0\0\0\0\0\0\0\0\0\0\0\0\0\0\0\0\0\0\0\0\0\0\0\0\0\0\0\0\0\0\0\0\0\0\0\0\0\0\0\0\0\0\0\0\0\0\0\0\0\0\0\0\0\0\0\0\0\0\0\0\0\0\0\0\0\0\0\0\0\0\0\0\0\0\0\0\0\0\0\0\0\0\0\0\0\0\0\0\0\0\0\0\0\0\0\0\0\0\0\0\0\0\0\0\0\0\0\0\0\0\0\0\0\0\0\0\0\0\0\0\0\0\0\0\0\0\0\0\0\0\0\0\0\0\0\0\0\0\0\0\0\0\0\0\0\0\0\0\0\0\0\0\0\0\0\0\0\0\0\0\0\0\0\0\0\0\0\0\0\0\0\0\0\0\0\0\0\0\0\0\0\0\0\0\0\0\0\0\0\0\0\0\0\0\0\0\0\0\0\0\0\0\0\0\0\0\0\0\0\0\0\0\0\0\0\0\0\0\0\0\0\0\0\0\0\0\0\0\0\0\0\0\0\0\0\0\0\0\0\0\0\0\0\0\0\0\0\0\0\0\0\0\0\0\0\0\0\0\0\0\0\0\0\0\0\0\0\0\0\0\0\0\0\0\0\0\0\0\0\0\0\0\0\0\0\0\0\0\0\0\0\0\0\0\0\0\0\0\0\0\0\0\0\0\0\0\0\0\0\0\0\0\0\0\0\0\0\0\0\0\0\0\0\0\0\0\0\0\0\0\0\0\0\0\0\0\0\0\0\0\0\0\0\0\0\0\0\0\0\0\0\0\0\0\0\0\0\0\0\0\0\0\0\0\0\0\0\0\0\0\0\0\0\0\0\0\0\0\0\0\0\0\0\0\0\0\0\0\0\0\0\0\0\0\0\0\0\0\0\0\0\0\0\0\0\0\0\0\0\0\0\0\0\0\0\0\0\0\0\0\0\0\0\0\0\0\0\0\0\0\0\0\0\0\0\0\0\0\0\0\0\0\0\0\0\0\0\0\0\0\0\0\0\0\0\0\0\0\0\0\0\0\0\0\0\0\0\0\0\0\0\0\0\0\0\0\0\0\0\0\0\0\0\0\0\0\0\0\0\0\0\0\0\0\0\0\0\0\0\0\0\0\0\0\0\0\0\0\0\0\0\0\0\0\0\0\0\0\0\0\0\0\0\0\0\0\0\0\0\0\0\0\0\0\0\0\0\0\0\0\0\0\0\0\0\0\0\0\0\0\0\0\0\0\0\0\0\0\0\0\0\0\0\0\0\0\0\0\0\0\0\0\0\0\0\0\0\0\0\0\0\0\0\0\0\0\0\0\0\0\0\0\0\0\0\0\0\0\0\0\0\0\0\0\0\0\0\0\0\0\0\0\0\0\0\0\0\0\0\0\0\0\0\0\0\0\0\0\0\0\0\0\0\0\0\0\0\0\0\0\0\0\0\0\0\0\0\0\0\0\0\0\0\0\0\0\0\0\0\0\0\0\0\0\0\0\0\0\0\0\0\0\0\0\0\0\0\0\0\0\0\0\0\0\0\0\0\0\0\0\0\0\0\0\0\0\0\0\0\0\0\0\0\0\0\0\0\0\0\0\0\0\0\0\0\0\0\0\0\0\0\0\0\0\0\0\0\0\0\0\0\0\0\0\0\0\0\0\0\0\0\0\0\0\0\0\0\0\0\0\0\0\0\0\0\0\0\0\0\0\0\0\0\0\0\0\0\0\0\0\0\0\0\0\0\0\0\0\0\0\0\0\0\0\0\0\0\0\0\0\0\0\0\0\0\0\0\0\0\0\0\0\0\0\0\0\0\0\0\0\0\0\0\0\0\0\0\0\0\0\0\0\0\0\0\0\0\0\0\0\0\0\0\0\0\0\0\0\0\0\0\0\0\0\0\0\0\0\0\0\0\0\0\0\0\0\0\0\0\0\0\0\0\0\0\0\0\0\0\0\0\0\0\0\0\0\0\0\0\0\0\0\0\0\0\0\0\0\0\0\0\0\0\0\0\0\0\0\0\0\0\0\0\0\0\0\0\0\0\0\0\0\0\0\0\0\0\0\0\0\0\0\0\0\0\0\0\0\0\0\0\0\0\0\0\0\0\0\0\0\0\0\0\0\0\0\0\0\0\0\0\0\0\0\0\0\0\0\0\0\0\0\0\0\0\0\0\0\0\0\0\0\0\0\0\0\0\0\0\0\0\0\0\0\0\0\0\0\0\0\0\0\0\0\0\0\0\0\0\0\0\0\0\0\0\0\0\0\0\0\0\0\0\0\0\0\0\0\0\0\0\0\0\0\0\0\0\0\0\0\0\0\0\0\0\0\0\0\0\0\0\0\0\0\0\0\0\0\0\0\0\0\0\0\0\0\0\0\0\0\0\0\0\0\0\0\0\0\0\0\0\0\0\0\0\0\0\0\0\0\0\0\0\0\0\0\0\0\0\0\0\0\0\0\0\0\0\0\0\0\0\0\0\0\0\0\0Magnolia Ramirez\0\0\0\0\0\0\0\0\0\0\0\0\0\0\0\0\0\0\099\0\0\0\0\0\099\0\0\\0\0\0\0\0\0\0\0\0\\0\0\0\0\0\0\0\0\0\0\0\0\0\0\0\0\0\0\0\0\0\0\0\0\0\0\0\0\0\0\0\0\0\0\0\0\0\0\0\0\0\0\0\0\0\0\0\0\0\0\0\0\0\0\0\0\0\0\0\0\0\0\0\0\0\0\0\0\0\0\0\0\0\0\0\0\0\0\0\0\0\0\0\0\0\0\0\0\0\0\0\0\0\0\0\0\0\0\0\0\0\0\0\0\0\0\0\0\0\0\0\0\0\0\0\0\0\0\0\0\0\0\0\0\0\0\0\0\0\0\0\0\0\0\0\0\0\0\0\0\0\0\0\0\0\0\0\0\0\0\0\0\0\0\0\0\0\0\0\0\0\0\0\0\0\0\0\0\0\0\0\0\0\0\0\0\0\0\0\0\0\0\0\0\0\0\0\0\0\0\0\0\0\0\0\0\0\0\0\0\0\0\0\0\0\0\0\0\0\0\0\0\0\0\0\0\0\0\0\0\0\0\0\0\0\0\0\0\0\0\0\0\0\0\0\0\0\0\0\0\0\0\0\0\0\0\0\0\0\0\0\0\0\0\0\0\0\0\0\0\0\0\0\0\0\0\0\0\0\0\0\0\0\0\0\0\0\0\0\0\0\0\0\0\0\0\0\0\0\0\0\0\0\0\0\0\0\0\0\0\0\0\0\0\0\0\0\0\0\0\0\0\0\0\0\0\0\0\0\0\0\0\0\0\0\0\0\0\0\0\0\0\0\0\0\0\0\0\0\0\0\0\0\0\0\0\0\0\0\0\0\0\0\0\0\0\0\0\0\0\0\0\0\0\0\0\0\0\0\0\0\0\0\0\0\0\0\0\0\0\0\0\0\0\0\0\0\0\0\0\0\0\0\0\0\0\0\0\0\0\0\0\0\0\0\0\0\0\0\0\0\0\0\0\0\0\0\0\0\0\0\0\0\0\0\0\0\0\0\0\0\0\0\0\0\0\0\0\0\0\0\0\0\0\0\0\0\0\0\0\0\0\0\0\0\0\0\0\0\0\0\0\0\0\0\0\0\0\0\0\0\0\0\0\0\0\0\0\0\0\0\0\0\0\0\0\0\0\0\0\0\0\0\0\0\0\0\0\0\0\0\0\0\0\0\0\0\0\0\0\0\0\0\0\0\0\0\0\0\0\0\0\0\0\0\0\0\0\0\0\0\0\0\0\0\0\0\0\0\0\0\0\0\0\0\0\0\0\0\0\0\0\0\0\0\0\0\0\0\0\0\0\0\0\0\0\0\0\0\0\0\0\0\0\0\0\0\0\0\0\0\0\0\0\0\0\0\0\0\0\0\0\0\0\0\0\0\0\0\0\0\0\0\0\0\0\0\0\0\0\0\0\0\0\0\0\0\0\0\0\0\0\0\0\0\0\0\0\0\0\0\0\0\0\0\0\0\0\0\0\0\0\0\0\0\0\0\0\0\0\0\0\0\0\0\0\0\0\0\0\0\0\0\0\0\0\0\0\0\0\0\0\0\0\0\0\0\0\0\0\0\0\0\0\0\0\0\0\0\0\0\0\0\0\0\0\0\0\0\0\0\0\0\0\0\0\0\0\0\0\0\0\0\0\0\0\0\0\0\0\0\0\0\0\0\0\0\0\0\0\0\0\0\0\0\0\0\0\0\0\0\0\0\0\0\0\0\0\0\0\0\0\0\0\0\0\0\0\0\0\0\0\0\0\0\0\0\0\0\0\0\0\0\0\0\0\0\0\0\0\0\0\0\0\0\0\0\0\0\0\0\0\0\0\0\0\0\0\0\0\0\0\0\0\0\0\0\0\0\0\0\0\0\0\0\0\0\0\0\0\0\0\0\0\0\0\0\0\0\0\0\0\0\0\0\0\0\0\0\0\0\0\0\0\0\0\0\0\0\0\0\0\0\0\0\0\0\0\0\0\0\0\0\0\0\0\0\0\0\0\0\0\0\0\0\0\0\0\0\0\0\0\0\0\0\0\0\0\0\0\0\0\0\0\0\0\0\0\0\0\0\0\0\0\0\0\0\0\0\0\0\0\0\0\0\0\0\0\0\0\0\0\0\0\0\0\0\0\0\0\0\0\0\0\0\0\0\0\0\0\0\0\0\0\0\0\0\0\0\0\0\0\0\0\0\0\0\0\0\0\0\0\0\0\0\0\0\0\0\0\0\0\0\0\0\0\0\0\0\0\0\0\0\0\0\0\0\0\0\0\0\0\0\0\0\0\0\0\0\0\0\0\0\0\0\0\0\0\0\0\0\0\0\0\0\0\0\0\0\0\0\0\0\0\0\0\0\0\0\0\0\0\0\0\0\0\0\0\0\0\0\0\0\0\0\0\0\0\0\0\0\0\0\0\0\0\0\0\0\0\0\0\0\0\0\0\0\0\0\0\0\0\0\0\0\0\0\0\0\0\0\0\0\0\0\0\0\0\0\0\0\0\0\0\0\0\0\0\0\0\0\0\0\0\0\0\0\0\0\0\0\0\0\0\0\0\0\0\0\0\0\0\0\0\0\0\0\0\0\0\0\0\0\0\0\0\0\0\0\0\0\0\0\0\0\0\0\0\0\0\0\0\0\0\0\0\0\0\0\0\0\0\0\0\0\0\0\0\0\0\0\0\0\0\0\0\0\0\0\0\0\0\0\0\0\0\0\0\0\0\0\0\0\0\0\0\0\0\0\0\0\0\0\0\0\0\0\0\0\0\0\0\0\0\0\0\0\0\0\0\0\0\0\0\0\0\0\0\0\0\0\0\0\0\0\0\0\0\0\0\0\0\0\0\0\0\0\0\0\0\0\0\0\0\0\0\0\0\0\0\0\0\0\0\0\0\0\0\0\0\0\0\0\0\0\0\0\0\0\0\0\0\0\0\0\0\0\0\0\0\0\0\0\0\0\0\0\0\0\0\0\0\0\0\0\0\0\0\0\0\0\0\0\0\0\0\0\0\0\0\0\0\0\0\0\0\0\0\0\0\0\0\0\0\0\0\0\0\0\0\0\0\0\0\0\0\0\0\0\0\0\0\0\0\0\0\0\0\0\0\0\0\0\0\0\0\0\0\0\0\0\0\0\0\0\0\0\0\0\0\0\0\0\0\0\0\0\0\0\0\0\0\0\0\0\0\0\0\0\0\0\0\0\0\0\0\0\0\0\0\0\0\0\0\0\0\0\0\0\0\0\0\0\0\0\0\0\0\0\0\0\0\0\0\0\0\0\0\0\0\0\0\0\0\0\0\0\0\0\0\0\0\0\0\0\0\0\0\0\0\0\0\0\0\0\0\0\0\0\0\0\0\0\0\0\0\0\0\0\0\0\0\0\0\0\0\0\0\0\0\0\0\0\0\0\0\0\0\0\0\0\0\0\0\0\0\0\0\0\0\0\0\0\0\0\0\0\0\0\0\0\0\0\0\0\0\0\0\0\0\0\0\0\0\0\0\0\0\0\0\0\0\0\0\0\0\0\0\0\0\0\0\0\0\0\0\0\0\0\0\0\0\0\0\0\0\0\0\0\0\0\0\0\0\0\0\0\0\0\0\0\0\0\0\0\0\0\0\0\0\0\0\0\0\0\0\0\0\0\0\0\0\0\0\0\0\0\0\0\0\0\0\0\0\0\0\0\0\0\0\0\0\0\0\0\0\0\0\0\0\0\0\0\0\0\0\0\0\0\0\0\0\0\0\0\0\0\0\0\0\0\0\0\0\0\0\0\0\0\0\0\0\0\0\0\0\0\0\0\0\0\0\0\0\0\0\0\0\0\0\0\0\0\0\0\0\0\0\0\0\0\0\0\0\0\0\0\0\0\0\0\0\0\0\0\0\0\0\0\0\0\0\0\0\0\0\0\0\0\0\0\0\0\0\0\0\0\0\0\0\0\0\0\0\0\0\0\0\0\0\0\0\0\0\0\0\0\0\0\0\0\0\0\0\0\0\0\0\0\0\0\0\0\0\0\0\0\0\0\0\0\0\0\0\0\0\0\0\0\0\0\0\0\0\0\0\0\0\0\0\0\0\0\0\0\0\0\0\0\0\0\0\0\0\0\0\0\0\0\0\0\0\0\0\0\0\0\0\0\0\0\0\0\0\0\0\0\0\0\0\0\0\0\0\0\0\0\0\0\0\0\0\0\0\0\0\0\0\0\0\0\0\0\0\0\0\0\0\0\0\0\0\0\0\0\0\0\0\0\0\0\0\0\0\0\0\0\0\0\0\0\0\0\0\0\0\0\0\0\0\0\0\0\0\0\0\0\0\0\0\0\0\0\0\0\0\0\0\0\0\0\0\0\0\0\0\0\0\0\0\0\0\0\0\0\0\0\0\0\0\0\0\0\0\0\0\0\0\0\0\0\0\0\0\0\0\0\0\0\0\0\0\0\0\0\0\0\0\0\0\0\0\0\0\0\0\0\0\0\0\0\0\0\0\0\0\0\0\0\0\0\0\0\0\0\0\0\0\0\0\0\0\0\0\0\0\0\0\0\0\0\0\0\0\0\0\0\0\0\0\0\0\0\0\0\0\0\0\0\0\0\0\0\0\0\0\0\0\0\0\0\0\0\0\0\0\0\0\0\0\0\0\0\0\0\0\0\0\0\0\0\0\0\0\0\0\02019:08:13 13:41:50\02019:08:13 13:41:50\0\0\0M\0a\0g\0n\0o\0l\0i\0a\0 \0R\0a\0m\0i\0r\0e\0z\0\0\0\#http://ns.adobe.com/xap/1.0/\0<?xpacket begin=\'﻿\' id=\'W5M0MpCehiHzreSzNTczkc9d\'?>\r\n<x:xmpmeta xmlns:x=\"adobe:ns:meta/\"><rdf:RDF xmlns:rdf=\"http://www.w3.org/1999/02/22-rdf-syntax-ns#\"><rdf:Description rdf:about=\"uuid:faf5bdd5-ba3d-11da-ad31-d33d75182f1b\" xmlns:dc=\"http://purl.org/dc/elements/1.1/\"/><rdf:Description rdf:about=\"uuid:faf5bdd5-ba3d-11da-ad31-d33d75182f1b\" xmlns:xmp=\"http://ns.adobe.com/xap/1.0/\"><xmp:CreateDate>2019-08-13T13:41:50.989</xmp:CreateDate></rdf:Description><rdf:Description rdf:about=\"uuid:faf5bdd5-ba3d-11da-ad31-d33d75182f1b\" xmlns:dc=\"http://purl.org/dc/elements/1.1/\"><dc:creator><rdf:Seq xmlns:rdf=\"http://www.w3.org/1999/02/22-rdf-syntax-ns#\"><rdf:li>Magnolia Ramirez</rdf:li></rdf:Seq>\r\n			</dc:creator></rdf:Description></rdf:RDF></x:xmpmeta>\r\n                                                                                                    \n                                                                                                    \n                                                                                                    \n                                                                                                    \n                                                                                                    \n                                                                                                    \n                                                                                                    \n                                                                                                    \n                                                                                                    \n                                                                                                    \n                                                                                                    \n                                                                                                    \n                                                                                                    \n                                                                                                    \n                                                                                                    \n                                                                                                    \n                                                                                                    \n                                                                                                    \n                                                                                                    \n                                                                                                    \n                            <?xpacket end=\'w\'?>\\0C\0\n\n		\n\Z\'!%\".\"%()+,+\Z /3/*2\'*+*\\0C\n	\n***************************************************\0\"\0\\0\0\0\0\0\0\0\0\0\0\0	\n\\0\0\0\0}\0!1AQa\"q2#BR\$3br	\n\Z%&\'()*456789:CDEFGHIJSTUVWXYZcdefghijstuvwxyz\\\\\\\\\\\\\\\\\\\\\\\\\\\\\\0\0\0\0\0\0\0\0	\n\\0\0\0w\0!1AQaq\"2B	#3Rbr\\n$4\%\Z&\'()*56789:CDEFGHIJSTUVWXYZcdefghijstuvwxyz\\\\\\\\\\\\\\\\\\\\\\\\\\\\\0\0\0?\0\qޜi+6\"TҒ3\F\\ręL\ZZ0\'\~hhj\\0bZ\"B\L~\)\46$\3^\Bǚu0CcӘ\\\"<\5(\Hƪo\p4ŧUM\&839횏1S\b^\g\sZ)&!N(>Ԝ擽\\0\\O0\)p Qh\i\Zw4H((4\N4\Q!=E:O)\LLQKEh\ZKE%Hө\\0cid\nq%\%8)\dQ@\R\7o4R\C\}&9 4Utޤ8\&228OJ1\U+H\x\M~iW}i\\5%Fԕ?n.xRYTL[4Px\S\y\ڞ3޶-D\\y4֭dݮ!\M)8\M7\\0I4֘\q\\n\S)G)?0#\UI6\\sgF\lU~\ғ\\nIk}`\}\Z\\nea\\0^\W5T\,\}sxO\e#\\ ((aٷrz}\rO$\:7TEVr)Z̷\\Hq\0}\n&0r=kNu#\'EQ@	ڟL\O,(\.3\%\nr\EJ\c\Sۯ5:ԜU)@\;\JQEi\J:R7((h1L~\\\P\\\3maROB\\\"qjxZR\\ڰ_Q\RPVD\\Ȥ\[bm?hq1]t4~4\"v4\n6zuP\r\Q\8*U	\go&\EF7c8.p?d\jFL:֪\]~՝$ A5\:\ҢdBf\pĞhCR1䞾\)6vƚBK;\Q+yo\=pEUrX\rx\\ԌNv\sOa|ϴ\0F8\0bH\1?\5)\Fy\0&MJ:5\@\\\!B\OM_F8\'\0NxV\c\0\\'\0+ThͶQQ\\\De\\yWOB*qڹ]?Wi\\Wa<`\0Z\`:ߥtFW8\c\S\)մLQEXY\\uj~j\\`r\n\U9-$\PM&h5$\֟Q)\<\2^㨦y\\)7zPh\Z\CZ\g֔y\:(\M\0S^:M~1>\\\R\R\sJ()S\0\G\@\@Bw~w\\nh\04Rw\'@n\'\X7\\ZغEn[3\\\ϖ$u\rV;p\\\ڨ\W\rxf`\N+͞l(IW\&ru9\W]\ʞ}\$\\ט\x|~NV\ny\8\i\T\\\\nN}+6\ܩ,-\Py\\r\⥸]g\\F#ҁ4hC)5A\dtV\"ǯPs돎\@B\\,	>\0\]vs+:cO$]4\J\\˶[æ\Wcir\\?\]dVehcHERςך\:W:\ʃKLG\r\>brQV^ {%d1n{օd\\\'Βf$\\0\Z\\Aޚ5!i)iJ\2R14biwQ\\\\P6q\ .isǵ\0L\\\^\'&0\"T\4\ \5ښN+\'sE\\rYZ\.\MXuF\>\-:\|\\HH\-\0\w\-%!ȥ\1zu\V LBsץ\0:{\)\\@!\5SLM^mt\k=Y\\`\rg\02wu>RJ\3\~\Px\vS\qQ\˸\r\OէRӮ*)\ 6j\1T\g*)Q{W\ɼ}\\q\+(1V\'#֝\\VD=띭M.g@9>x\\w+\Z+*\=Ozɻ|\֤/1\\0⺍ei\\\	<\\?5ǻ9\{\Zox\2b>l_润\\*F\\\\ho5}u\<Y7\Rk\R\K`\\].<rN\0㎹\]h\\X\\\0Za$!=tD\{QV#\\g\\\\`7d˰\0tc<3,tWv4k;Gu\m\<\ZR\\2\*j\\\Z\8h޽\LNݩ\A\\\h\ZadV{\"$\^е\|Ҕ\n\,#\9lTk<7(Zˮ\\^\G,O\@㩣*?<VU\D{)ppjuAw9\$+\5J\Jx\)ciå%8tO4\oZ@.&xLJ_,PN^a{ԞX4l\-Gt3}=Z,S\\\CI4N\O\"\zS\n#\0g~ӫ9	\ \\Z\Z\\$\ǩ\+\ѭ\\cn\Sd\-G5\\\V=:wQ:i.O\W;S\n]C\3\\x\G9\c>\]w&K2̅\TJM;0\n-ڈ߹$\\]\$p?\nJZ3ֱ\V\n}P\\ӗ6o \0d`\\\\\ʑ}i\V\?\\bF9eB\~	֭dO.\	$6=}8\Z9I1\x;%Cֱs\55\\巗#2\0\YCğOEqW4\\|Vی*\6T\T\Z\\0*$~\\\\\\prG+ѵ\"˵K\'\00\0\Ҹ\5m\-HL\03Z߮pcs\\0Z\\皹隗\\\٥\\ʤ`G\\е5\\"+^A\\:\\3\Our\\v\\ҽ\\\OMv}էJ^^\\\4\\QE\yt:=̽2Oo?7%m\;c_\Zfsg\<\Zʮ\:p\!ѯJ\\\\*\}A9$\+P\ύ}\^V4}\\$\\c\ߕ]\J\\R\ں4GQv W;PX?tW*ܞ\#;oAW\ :S bU\\ 6ъ3Ҁ\ZS\'& 0U=zQku\\:\\UH7\\b\ndTR.<ShiGJm*\!\\֔@N:RR/\*\>:w4\F}((#\)E=&\\eU\\\\h\OF%\0\\K{\<V\|\={Y&݃e7 <\@+\\8^8\\0%ƨ\wS\$HKA\].f-4#\NC\0M\0\0\"r\ VS$\D\)Mь4H\|O/~7uϭahqƧ~`[ijP\N\[],A\65u:\\\q0\#;\\.\\8\9\a\K\q#xmزƑ\>Q\\[\\jV+(\\n<U;:.\^\fW\\Z\8)4\\\+SOЮgQ-\A\5tI\!\Ǒ*y.\\\1\ƹ\\I֏\.Xq\VW!w\r\r\\Ԯ\\\O8vާT+Y\!\\q\\\0:\\\\\\8\\_ICA\Z\x\\NH8zX\I\\9Fp^k\\\rg\1K1\/\k礌\2\\(jl\\8\\7JSc\Ow7袊yJoz\\\ܤ}}\rֻ\=Fu\߽hͪy+\ݫ6;v1۞s\\\e-7:\Qzל\d\+\-]9\W\dOz\kg\2q&h\y/\gѳlf\\\Zp\Aޝz\u\:ç\c۾o\=FW~\#\\+\<NS<\\'Y\"\4\/\z\0t搎\r:\+HHb\h\\?5r\8\\稡C֕i3\*\ 4/ݥ\H>\d\(\@\0\\Ph\0N\@Ӯ?\<\d$\\VIع\0\EqԲ\x\;IX#GFXm\H}?\Wĭ7\0l~KG\\0\\I\\G?Q\Z*`G\\Зs\>pͷ\0YY].gZ2>\4kR\0Ig\rVRkWSH\\.q*9\ZFD\+\Ua޻8ekl\}\Z\\\O\%f$\qucHӌ\kt\\h^ȡ\\zW3Mlzgֵ/dvB˟ʹBf\=u&VAܶFsߚd#\\wqMRLz5Kr7\\jhj l\\_\Y~B	G\v5\0o!z\gS-4\\,g9\#a\\I&c@Ю<G\\[H\}\[)mC\n\5\n;\00r#a\W\\\0y\0k\f\\\qWg\AEWQ\fO9w*\P3\"84Ӄj\n2ڸ;RI\ S	ïrV:\e\nB+\\\"e\\מ\\/%O\0\Z\_\җ[ۨKj\\~\O@Z\<}H0\OOMp\ZNi\r+\'~\FK?}f_tN=\"\Ъ(jzA-j$\֜#\\]gq\Z!\\}\:,\})\t4\nMg7$հsY\M\\qW#85w2E\'\4\oBOJC\u(-ץ&;\rU>8\\- QJ[\Tؤ-%\Ӆ7(\HLq\Mh	.j \gҢ\F.Q}!O\O\UÚdhM\rY\nwL¹;{U\;~	5\k\\e\0\2\\ȮW쌗&B2@?/J\E\T\r9d;\\\\˙ln)\'#~x\\\S\nHfP6\\\\:|\\\j\Z|\m1\9/wo#\+)Y\(X\\U7/\\Ұ\\s\\\\.|\VMUFe;zs~sXҭe\\2\g\դ<\JIT\r\\pv34n:?Zѳ\`\Ds\|<w\?]f\A\ga!Yv9\9\Ӛ\]	fE\M!򷒋߿SIͲ\]F\\2 \s\\\\_[q;WS\Q\&$\0z\\\\5۵\\VL\98\9At5R\\\ Vlu\S۩2|\j\\46\uA	\\\\$v\AT(6\>d:F<\Tx\0W|6Ӿ\\}ͷtx|?b\r@9=k\\yן\\#ܤx<z9ߖ\֟T4\F=N\+\\"̻X\;U\簢*\cI?)b=E.v\\&DgJd\s\\k\\\S\ڡ\C@<\Z\#\%\n\k\Kr vA2[q\9\;$\e>[ʓ\\	}\k^\S.\#&Df#O\\\u\\\\'\\0?[Ҏ.\\j}l\r(\\ yA)J{UM2l\V?\Zs޽,x;\nEE\\N=\\F\l뷶*9Tl0\WY\RVL\ZtjO9\o\\/2\ ,\\ؖ\jc\)c\ṣJzBߖɧŉqQ m9\®C\nCSZ7\nzn)|KzѸQ\Ƙ )ۅ\.\'=)<\;\ZM\֍\nK\p (݂,zS\\0݃Xi4Q^EQ\M\0DJ\6\\npu%\'08\ksuM\D\\'\\W%0.\\F;xo\\pX\0Ҳp8\\;TU$:(T[rJ2\#:\5ΖKh\\\w\0\WOtGjp\\0\WV\S9y-\Z﹝\N3\1@<\$kɮ\\",Jq3\\0\]\؜\gRm\V\p\wvӚزlF	\^Vۤ* \\cp]<\\\GLsۧ#9泊;!\m|/\B9=\?\Zo?\7\ᙹ\\F}?Jq}Wd\\\\0\\?{\\X:\coI\+&\\\F\:(\0a\O\8\0>=o\\\эE\kR6]r\& \'9\kn\\[bmv\nǐ\\ʺ!Br\\\;|9nHX\V\L\ڸ\<w\0\Wunm\*;̿*WMeyCQ\0P\\6s\z\5g\rL\\\\㹹\\x<\]\\\0\t\0xMm\?\t\Z%,?uxeι\\ٻQMO۟nТy\\r\\\r\\&\lX\qgf\M\?Z{3\o\dF\pI\\G1\\\\\y\\d\0*+{q^FD\Nt\=dyV\F\'U-i/?\*6\\ô\,{\A\\j\qY۶\v>\Vmv/D;w&wHp\\E9T7?C]\0z΍\{Οjf4c\zR;@3\oSH%|\ԛE4\@\r\~\:R&>O\ΐ\ #AP\Z\0\I?\`QR\4\J?\}_\i6Zn\h;\rsGڦ\E-B\yz\Z>\?\0.N\0\V\\'\jqC~\?4mTu&\E\c5k6ր\:c:*\\,z\\\\\70\n\\\uIt\\'j\Z˾\\Ic\\]Ly=:z\KMO:*\Yu67\!\|\\\0SW=\qr!\6Pdm\J\\0\x\\\3<<\Y؜\\	kz4\Pag^f\ß\\UL\ZT\jxJ{Yq\\i~U=XZXA@\1\x\8=\Z\\S\\߸<W=O>n\E$d4Lc d{5\N+\[\ZmIp,0A\w\g܄J\;Ӵm^-B\	ِlԷ\r\!\d׍(sjZ_f\#&a嬏Lw\0&\'fR1;ޟ\Wnv\g\Yaa\A\\ɬ\\\U\\+\)Vr:\\0/Z\\.\$cl	\\q\:jQXV(wgNGq\9V\[rg*jy\\'^I<t\\5\N8\b#b-OT\rp$Ɍ$\z>\n\7\[N(\@Z\\>l\k;]E{Y<˴\0.XP\R9\Uw\V\\\,ќ	`\Zkkg[g\\\lKkۥ`p:V=I\`\\]ϖ9>Q\\f?Y\nx\cԷzdН\>/#\f\\\W+60}*=A\=\dD\\S\QԲ\\$\/\#\\n\\ЎF~T\m,\77r,;q\\`\s[\>&6\VH\"\!}ɮ<LT\c\'	\\_\s\]ƿ\m9o\$V4~_NG\Ey~ơ\jeO\\s\n\$\'k\5+ىhR5=ɯJf̻\˘K\d\0\^q,~Abd.G@Ep\I;3J\XlovϢl\ڢ\cxV@[\ZV\0\Zo\\\0\er־#X\\\q\V&yFr3\ͻG-\%v\bF;3֡dYz\r>+M_\\Z30?\\C\[]1wW<\Ǖ\3EUZ8\\I\\n	\f(O)>a\x\JhU/\A\QIxH(~R\NkXS\"UVěN\y\i\Dw9SUUv\lg\X:ΰ63\wS\\\\V\\{\\Z4V\^{$\ZG?OZb\\\'\0XRYh7ϹԨ\z`F\'3\O\ڜ/\"\\' `WA\\\\H\~\C\;eJc\\4\\w&T9i\\\L\ۆ\3iQQ\"U\\WCu#\07#ڣ\/\F*ȋO\\Z!\Gzoku[\\\'\b\ss\\\#\24\9\&\$Nͧ،ܘ\X{\0<QǶ*ȉٴ;\sw\\/g\0\\x\s\rާe,@\x\#J\zj\5aj\\ZS>\$@\oQ{9\09HtB_[\`}#IC_򻅎L+8Sݜs\L:<|yҁ\\Tw8?)\WʳV\R>Q\O\'9M2\\?Kya\\;t\\8\0\\"#`\^\iG[&J\ث4LG\0k<O M{܇\\W] \o$K!}ޮ\~\/*F6}ݔb\"\q\^iy\;\0sc*;720HB\Gd\+=\0\\5~Ԭ͛%\\pGaTɷ˷\=\rYԔ\mݗ\}\\A%\\dϯU\ޗC\CK\0,ESG\V %\\1\p\\\r\\9\MZu˜\\\p\\C\b\#\\VU4\\\uW:R͛oS\+guiuIQ\Ʊ<cfxJ\>\)n?y#\'tx%=$1뚢/^=k{}cGp F\\\s:6ڼ8Ҍ\r:c\*/ʠ\\\<7qOnIx\\{֎w\ihFF1\=N\yK{\\O~pP>c\\"HJRŃTɳ\\)\W\\\\0\}\\+ \wӤS̫Q:]\r|PN)7SO\YV94ZCGjJ\0J(\nB})RPPh\}(zu`#\0sM7ʜ\\Z\|9tn\#	\\Z\ssY\\'r\\o1\\1\nlS\qNM\\@9\w\5;\X\&y\\L\k!pU$Vq\7;gȬC1ao<z\C\Ag^3P\?ެ\.^\Nn7v\n\ط-\Kʞޕf\<)f\\PZ[\\ɷ\_Γ\\E1\\E=}\=9\0\TCRp_`ܑdy\/\\Vp\ZV\\\\\`)#ӏq->\v\Jw<\\ZSY7\\yus\^\mFq?\R\\Z7qM+Qp\0\~o\\ڻ4ؚЮ\F8\4\>A嘈\nP\\\{Ek<Otd\\_\\=\{ta\w\}r48\)\Q\f=\0\\ں߰C\mR\r=p\v\S\G\sI0Ϯ_jʷ\}\\;^\9\	\ÿҙ=\\\'`:g+[Q\r61-\W;s\7e\"\Ү2mh⓽ȣ\\vw$l~v>ڲ\\|!;LqUd\/|\h?\Һm\'\F\$.ǐO\r\&\/\'\ruZBJ\[@QUx\l\_-V#\9\Z$I#T\"\:\投QQpy=\MU\tY\ro]\+\k/-\\kyFVT(A&$\\\\~\r?Roݳ|<g\nk_<\"T\n\yW\k)-bh&\a\\\0\/VFm\\0y\F\SS\rR\}ś\\.\\E˰\Es\-\<\\,*#]O$\?Z>s\Z#:بZ:OI+;X\a8\\\z\\2ǘu?\޼\&\nA\t:5Q\3a	{\<-n\eI㪟o\\\\5\\\\Zb\>a\0֮\\\Haiqї\\^T\\\\"\\nBkA3ER\0&Mϭ\0-*e$(\irھ^{Wj\\5(XINgܚ-\\0;\Mp0y7\]\\\-5\o\\kA*dx\\\0תO\i\?j\0rhh~\\\I-\U{p\f֓\a\(\\\K\n\u\*H\s\M=\z\\J\ci腩Uai+k 4V\\\R4\\SocH\\#L\n˶O\0\09\\T\0\h7AvqԷ\r؜֟2ߩ\|\rq\\\0\+\'(ϙ\"=K\r\\?U$HO|*\\\r3Hp9\\wͽЕpAZQcޢ|dp:\_R\7\w\U-\{{tYO\(\n9 g\?*M\O\0Z\M;\0Zp$\j>lqOV\\0?\J\L\<L؎x^rK#Oz\5E~#\\$\y`8=;}+X\ѱ\\i6*nQǸ\]\0Չ fu\>Q2eX\Z(;=OA@\c$s\S9l\Mew\$%\E2jt搜ө\xy\\\C\\0\"T\0L9{=q\\\]Ma\E\m\dHO\'s\\Ǿ\\HV˫}\?.QG\|p:W\\NR4b]\~yTJG4\[\ed@z\Z֞DX\T}\\\G-Ш\rO׊б\0\\k!HT\QOހ=kú\|\0X`\w?oҷ\.\A,co\KC\0\ӵ\mIM\#8\\F\'=\4{8#*\ \k:0C\uHc#$H\r\q\\WW\gKgS{\\'i&4jK)\iۮ\\_\\\}bk\Z\\i	\3͏h&TP\ \"&\\01+4\\Z\";aF~d\`\:(\Uo\0R-=\/X\uӢsʩwn=q\+2kR\\'s*-\z\j\;\e\,\\1\n};\hۮsMTX#\lQ%[\*\f pd`=X\\\0-9 S\\\lw\\Q<\+5.\|Z.\\\\3Uba\Z\\\0yKR%\'ޢ\s֗\\\\BBzʕW-\LNܽ\\Mi\^\rHwaI\T%b\1\Բϕ,:+Ff\&y	E[pFWv~n\NGj\*\\oWcj\6=H\R<\k&\y%C?\ԏ0?M[?L6:\K\'\<c\JFƢ\ \\?ҒB\A~UB\A󩼥\Q9\XSB1{\naqץ;F\޻r:z\\0] \\\S\?\n\U\"\Aj\k\n3\Fp\n1\S^\:{kϼAnm\\w\0b]M}|͠guQ\$\\";Q3\0:\$\&1\\0\VrN\,\=\ -,v\\lm\2O\Zb/\'P?K\\rjȮ\ڃ ފ5\gj(\a\v)2i(\0kʽ\'q\b\\\WVMr\}XG>$ǩ\\?Z\\\)4cY^\'k7\\\Bߺ\֝5\\\+RYG}pG2N\\ܜ\\yE#9\~On+r\mǮ}=\I\"\\x@}jKK3[F\ޕ9\}h\4@8\h`I+ӵ\Y\c!FN\kL~Lc\ҩ\#\\	Tdn\Z\ZWOI׮s\"\g\0\k7H^YkL+[֧d|ˀ\\\ݼ\g6\\@屺r\f\O\A`\\yLY24\\\\@f\}G#>\\\\+\6Fx?\R߻!\휕p8oN@tF\畞\խ\9s \*J};z5&\墙zuk&\0\(\9\;\ZOm+\"G֟\klo\\#\\s\'͜?\\\ޝ\14\)\oq[\\qbg\'\8\0\Z\;\53ʵ/\\ʌ\\U\&\r\zp2}y\nu\r\@3l\\\,n1\'\n\Y\\x\0x\U\b\]jIsqVK폠\#j \_G\G\㧿\\\\]\\h^o|\\\N\W\x\3\\0\TXw,+&\#?֠-\*7$M&{A\\\\\7:g\;՛h\3\\N\Mm\G\j\0p1ڈaj\\\L8q\oƗ\7\4q߀=\Z\ƚ\rs]\u\0\1$\zSlrM\UX^ǧ9\0\\\Y8\\w~?\\\"A\oJR {G>_Z,1\ǹ\\E\\N\r9gn\Cvһm\\y\@F\\Гa^Ƃ\x\صQF\@WE}1\\㚯[%地;]v8\W,N$\!\{``ؓ\npOj\r\s6)!ܩkP{\S\\T\rUv\T\ey~Px uSs?(^nb\\?G+[=\r\\sz\\b=?e:^iu=!nnlY\~%,U}\3\##Ҫ%) qMX\Q/Eԗ39\ck{\[HbVC\\0J?\\\\\r\Ԟ\sҼQ,)2n9A۱ϦG⤏Qq)\n\\Q\}imP\\t\Җ\[\\^rzS\p%+\n}\\cG+}M{s1MC\\\0\n,Kg8\\ը\\1 5)Z\Wi\1\%qzN\̻=\0\\^|9\{+\Ӯ1t*=3D;Vx\U9-\k\A$;\.8\?QW\'6\ќdק\l8䏯\"ld\R\,2+\\\\GqZ\]C\>lO\\\\Oz6\\\\\E\BǏq:\\Z\\"6ڪ;t\iy3Z[so@v8\\+\0ɀG<j:לH\\\\\\\\-A<fj\\ȸ8v\Qk^!u\pN\V\/.\D\98\ֻ	\`\\\%fBg\u\p\o/ -U> ZUD5ڨ@gR]\nY\0r\3\*u\\\6oo֑Aʲe|\q׷Ԡ\x8\0?J9\N3\\>\@\;~N\0=zJa$\3K,\nZA\\4EF޽Zj\;\`\\n\0\\*^\ZR6J\\\\VVvnN}qy^\]\"(O&%-#O괲!G$g=\?Q-ܐ8={\\߽7>9\\ޅ#\\\\\zq\O.\\'?!P\:F7\*-\\w,g\\nn9ݝ{\ng\\2j?劓\\\N\WD\ɎI\G\\0ZX\\\.	os\Ue=1}=)\n_R\{\v\r\ExO;J\\r~T\\W</\lГnȖ\N#t!M\\F~c\,.\ӭn`\X\s֟tˁ5\(\X\xYđ۸\0G$\EKj\\;27\g\vf֥\k\-Fo\N\\\\\\w٪e4u۸\\Ei\w\\V\eP\)❏zmOp\\4\N}M(掀exG\\eH0\'S\Ҿqԉls+	c&)\0#\\A\^u\\f\R\eB>[=GzlG^\-jJZĢw\0?\\W\\6\$ǥPe\\ak{\p}\\\x\GA\?wܶrēC5~67\Hf:a>U\<?\<\YS8>Ɯ\t|\09b\~S+1\\kxȉ!֗\ }j\bR|T\0\n\<[\'#\uktc-\^\"/\ISǯO\:\\xãd\Z\ˑqY9\uʪn\ۚ+hw[(0 ersFl\e#$쪚-\6\<U#\\&\ܧF\\0̈́\7\qЪw \s\i\\\Q\Z&\vfm\>[\\DIfGS\+\wGP2+¯\.~ESK\i&\s\W<\5Ru;\8PEB\nz\\|enn\5aY\\0uc\7D.\o1BS\\'܇\"\\Z\7VEy\\Ա.9\\5#EcK\n;Q\\!\"%Pܳ\\0R	Aܧ;\r=?\Nx\'\"&Ubq?*\8$F\'8ɤշ)[.\Zc\O\N\\ \08\\'sVP+\{\03LBƹbc=\0\U>\}z= BL\\Қ\\\?̚rR\8\\\<g\:u4\\gөõ;jY&\\'<#\nn\ߜ|\?\0>I\'\\w9=}?ϽY\\0\Wa\\tv\\\\!\9l\>\թ\\8\(*\=G?T~=I>\ާ-\\sd\6\\=\c\b9\\ӵɽ%[ۼ]ώ\~ߍy׈o%S\\\>\WOp<MV2s\q?J\(y֔l\EIic/4yl\\`C!\\\z\b[.Y`r\5K\V\vO\"\9\ֲ\\\W)gy\t\Z\\\NLe\~1\@\\\\\7ȭ4`\ȤU\ǡ8as\\-p\r\=E\\<YYؿ\_/\\k\\&)e}\SN\w\"\\P1\0?T\+FR\\rN??QQ\-$4{͙a^c89Դ=O\wg 6\\|\\J\\^`j\VL\'\jM{\L7ʣ\"aZP\[ʚ\YGO/\tb\rgz%DW̌7\ lm.69{\TW1崍\\\\y/`\vǨSk[T\8\ޟJ鄑6wE|\dv\s]\|*}:\;\\\\[v\\\]1\\lA\\\z\\'\k2;wFkeb/\ڮ\tQМ\l1䢣)p1+[\q\V;ۀ~u2k&(\RQ\׉F\\cqP@S$d9\\~\t󘭾\\}\Zó_.\t8H\\\SU̙^\kF41݅oOz߂\[IR\խi\\Fvp\&\ݽ~\Xivp5E5G\\9km\0\\0~m`;0A\tMn`\nۀx*r\"Kgb95#\r\\&\\\J%\Ogk{n>\\W\֘dW8QZ9\\ޕ\K\\(hڎd.[gC\Ur\K\=k\\\s\\:đש\\V\\QDq\9\\yz㟩?\*ǤR}Tk|lzV3jŝ\\>\i\\8&[\\\\B7`z\\n\<;\0֯\&W-\v\0\T!	\}~\l\0\\0?֘Y\r}\od<s\Zk˷8\\\9\\'\\\\\\Gwvֶ\~v;#?\Bב\^\0\Ve\$v\0\\T٭MXל=ISĚt\'\\0}㞟jiKn-\\mf\`\b\\nY/Sv(R\\\\3A\Z\	\0sU\t-\UD0yy\+^\=J擲6|[wiwv\0?hH{U;\j\@q\>ȯ#t8Ҋ9p\\0nb/0\rHn3\X\yBXj@\9fWe<I\\\sA\4\bd\(?\|\\\\L̩\\xu\5rkIKaKS\rI\]id\E9\	\w9\|B.?\\\!8Bi״0{\\M㫇ky\.\\k\]o7mvwRz\M;\#7\F}Ct#\\Zވ\4\R\\U\YI\)HF\0\Rƴѓfto3Z\-D:\\IFG+\[\Nc$w\\ۀ=)m\bdX\9Cl\"j˵\Z%d03n_*Op٫Px{SR3?\0\n\`.1\i\\rA\?\YV_1-\UT\\0\n~ $@\\\Ê\ d\0[\n?=S?5~+\\';do%iF\i,N&>e{\Z2<\Hή0TT[m\w+Ezinw),\HG\\ƮYBeL,QƻA\\Z\J\\\<\Yu\\\UH?a\G\ֽXt,qFUFAR\ZUvuS\Zj\1{A|pV\0S!|Fq?J\Krͺc<ڎޑJ\\$p\\\i\f\I	z v[ס\\\\]\aR?yox`\0_op/\\\>]X6=Gt\\LF\0q߽,\\\a\kEͭ.Xi|\\\j߀x8\0\ZYs\8S\*5v<8v]I\'mL\0\£\Ro\ymZW\l)\w\\>\mk=9篥R\M\g\\uo\Md\\}OA!\\'=\H9\s\\0\\S\mt~G\<Nz\\yދ\o>UxRP}j4`w/Q\}\ԮKCncW\A\\<\\.\r\{\0\^Tsl\'\n=b\ ;7.rv\[Ap9#\h\\'\x\\0~V\'\<`(p0>h\GC\0i\\UfI6}{\supO\؞\0\?\u5:\=F#6r\9e\\\n\\\-7\"\"A=\m\`ӿ\\nvrI\f\0a$3$q\\ZY\\ߛC\_\ֶ\w\0JEs$&y\)]\\xB\\^\\\O.x@[r}W\clp\l2h\fBH\v\'{y#KI3ZG$0OB-%v_\e\\\V1\\?!Uy\rCF&\ڔ@~\\nAs\@\\ԩ)\ׯ=˓J.ni\SYY\p\s\nθ\0\][\Z0#I\0~U\0\鈳㗊fL}\n?e\\\.1\| \\6D7	nm?\܏\?V\X][<\~\n}ĶR8vdW%]9&H{\Zi\;+?OҺd\?s\nbD`~u+T\'9\\\TĐ\يuaѱ(r\0\ne[Ht\0V\ʃ*2\[\ܰd#J\gCm!\#cUd}=Yu\\Q|pW \\\q\\)]>I\\g߼\`\'K\6\\r\\rc+\f\o6\K?я\\\\\<WC\\Ht x\\\E?Ooܶ\_\p1\9?)5\\FȆB݋?\0^\\]\q\\@\\\H\U\&:[oC\/OVo-`jk뼹6\9k\'\ׅ\\\72L\x.ܑ\n\x9G%\$\\"\\\DW](؄1\"8\-\\!\0{\iPr	9~\0^ȆmB\d(~\;\٤p#\0ܒ0:gՕsU\0Z;|&\\ɐ\\@G<sƧX\L\9S3YN\1\^9\],W(\w:sq\I\E \?J\x\w:j9>\<N)I^CΒ]ϳ*.>\\\3˟S\ODs#Mq3zd:\\k.dfè\S\\\\\\6X9<{\r\b\\\9뜚l\\\ڍ}7>MG\0	&v9\\jQ@y\s\F\xoq<\Ϡ\"[\ѱ\(\\n\4&/Ѳ?\0\Od`FsP[K}Nj\\kA\\4\(ʒ(O\8\\TN\98\8\O%\cpGE\0\ZEن;w\+uFl\\\0YPp\\R\K!AGX\`ǯ^FkliK&.\¬Khݔ09\0*-֧&,D1C\@1\\n~\S\=?ϵk?9\{UiC}\QZ&CF{e\}[+kDXXF\?a\\g*3\\\dlf8fބ\0L\0Z!nv\>d\\[2y0tneC5\rgojԸ2Tua\yZ\G~c\ݎ9u;ku;N [z~\\\rOݪV\\wmϯ\y\8=\\ar>玷Jp\\\\MR^\rÁ\0]b5ګQ/^k\\ػ&y)\ž?\\9%[\\\FzEFo\^җ3\ZH\Iϩl*k\9_\\0v-iC\c\ݎ\\N==*ӣ\\\i>j\>-\ܱ1\1P\C,?\O\R`w\r\Aï\\uw>j\ް\3P\\]KT\1s?	@g@ѹ5\|\\0k[|&ң\YϻT}jb\\FѳoK\o\K\g<*/\^\k\I>\5\i\Z,:,63.ӱ@#H\\g\_\e\Wq\G\sbzֽ?M\,|=bhzE2\=MKo-{y<qR]j>P\'\ϡ\g\n-\,\.U3\O]y\\e\^x]dR:ա\A\+%\\9<\USv*T\jV\\0k1\cf\\\0wUE<D\U\#ygS\I\\Xfn|)Vsڠֳ\Vn\MbO(\\(\D6w;\\Odjip\\z歼Ms\r\C\՗\&xyU\'\*-dc\00\Q^Y<Гiq\Kؕܧ؊q~L8n\=/%q\Nj]\\)҅Ei+\<Ml\i9$3\g_#\\̀r\_\[6sV\\nMz\vO6Y3!#\}\eNNTή\/.\r4ey̑F{Uk+\4d1\ƽ\nxZ]N\n\Z\W\\\/xIb\0Y;\<>p1\ֶ\߅\Q=q+u\\Ñs\n\GGrºXrl\\t4qC\<~\b]h1F6\nh<\\ʹ㙳\[\0~\nגyL;*t-1>\\Cy\n\_\~Yd\F\^\y\:T\\=H?ҳ\"\k+\nNBʣkEM\\)~>k9\?J|G\~l~\V\Z&%d\m@?\y|?\uK\\\\*0}\J\E4_v\\ewF\\+\\1\"â\F\<5^Tv&᱃$\\Ht\\82N1ϥX\1>>n3ނ\ᆕ\wSY9\\$\F_E5h6gh\HNsS\u\NH\NP.IbpXJ\4\}BQ\\\Sȓ]]i[[ht\\\\_rt-u8\9V\\\X2\\V5\L\\5)(\\ұU\\nz&*̓\	9(\O\Lkr\G?\\\0ƃfj\\:C.W<CS\\hMuBٜz\^z<;+YO\%}MoT\\k\|0\\\p\Z\0.h>\^Q.G\eN[|\\y\\ߥlZ)\\"\\\0kԾʫ\4ʏi7++dpv\0t>\_R8<)gݴc+Xǧ\K\ɩՆ\Z$Hxq銸TKA9 p۟M$KE4\\E(c\\\WҥXǥjMٝ\N[:\Dݩc>D\\K!\Vb\\_(OjT.f@mE}\"\H\n\wy1c\˼Ȥm\"8\\"\Q[{Rmqe*\smJˏ8\ګ/eײ\?ºݞ4)֙\+\ry>Xc\+ϼI\moD2Vĝ\E{\\pqL#W\Zq[{i>lCq\ʥ_<1Ԋ4x\\\\0\r$5\\0c=\Ҽ\%\rGS0A8(\M\ϙk\G\4\!`{V}\58Ǧ|s难\gJ8\|\Ңù\B\\@>_&+ؖ\\Q\v|S#Ff/&kY^Ē7\n_\r\޹\n}FѓcU7<7RI+RF\_^:~庌p[\{V\n\TfS\<\rW\"\"\\7Qɸn z{\f{G;7˷\xsMtbeu\\n0H3:ԜĄ\<\\V#\U\\\-\S\_ӵ=Iꚅ\\z\U*v3gO;Z@w\\(\T\}SEyY\o\Uc\(\\\F\'5\\[HǢ.?S\\rK\Ȑ\HGFnj7\\\}Mc]ʁp_\gBqVN):\hd,\Fأ	&\\\tpIǥ@ r\e\0ryFr\0=\\\k\#\\'Yw9\0Q\`\=\0!#3O\=\5MA\utG4Xgy\\Gꮹu\\\v3=#\?\ZyO\8g|rHr\F\V\\t\	بA)z˃ҘWU\vf\J=\\s\4\\sV=*\C\\j~D\\uaԌ߻b+Bub0k\\ě#\SYji\l݌W\ΗV\48*\ \X5$JyPi6Ӱ\G4\)R\y\<ILi\u?\<U\\0G\M8a\0\\Rk˾\ZxkSռNںD	b\\\2v-$\\\\֗m9zR\\\\n\+\/\\\cz\mi\n\II2D{[r)\ه=\1t\}\O\x\\x?\>_xU\gc\[\\GTj)ne%9$ը5+C\\Zpt:XR]ka[5\\zsM\DfD\\Ǡ\E\2}\0hG\n\+t?,s7P.\}M	~\9Z?f욲\Z<\#-ٚs`q\\\\\r=\\pl\\\\\1\'\n֭N\ϒ\\<\bn\nԖڕHppǹ~;g*y\l\$N\\"\\*qd\\=	X=\	Uz?h̸Y\\ΚIKG?Bj\\r1+x<t̅\\Zꖳ\6\+FVK}\\l/Wq\\߈\d]躬)\0b\!tɱ\\_c\\\5r\ּXX.&\'\u \\s\ޓ\\h\0=\T/t\\'\\\4R\1\scZV\\ߍ!\۸v\e\Toc\0֨B.>\ 5\\5Yl\Z`ƤfP\[4Um\.gc\(\"Qy\\HSߚ_c#\\ZcJ\T\޵kFRwW\-JHJ\#\)ʹi@]\hQn\0Ca4\\Z\R	\*Y2sg\\Z\1ЉJ\\\\Zw`	XU\\y\~4ߴۯY\Iw\_+,v2\c8\\UkֺJ\\@\bf?xWdq\\\e\\m\\\\]\*\b)lU\\dU[˴L,z\\\[[L^t,<,À\\\N5\.u\8#&\A4_K+Ns\"STFOi\SLo\\\\\2\Gcџ\-\\\^ksyR!Shۜx*\Żo<G3lSa\\Z\-tT\U`\n\@W\0z\nF\\RQs\\exJx\\\zUY p$+Z\\L11J)r*7ŤWPS eaS\;n(\<U\4Uia΄\0|\2\\-g\bxS\s(ɯ\)pka\rqje\\gq\|w\0%Rv\\\5F߹,G^\Cuqu\s\BIIŹ܌Đs>\?Z\\~1m|,\\ུ\\K؊>\;\'j\\\I?\8\/4K\п0VE-pq]М9mQ~׌\\XI}\\@~\֊Fߌz֎o4~c(o;\\\\K\N̡\ZJ;\\mFn\Ե\0v\r.hH\';\{X)jн\\ay<\MxktA\ܹ&\qC!d\@?g^Kqx\\\\\0?֡\\FW\\օ\\-Fѐú5(\5-&HOPMd\ahdķp`]\r\/i!{\V\\0\k88\\\\C\E\;X~,z\8i:\V\\Ѿ\U&\1S\VD\Z\+f\?\5\R\"kUR21)Dр+,\\>\Z1\\\\\\\U2r	\0$БT#d1\Ҫ\0\de\T2$6\ʊY\}\\E\3\/|UiɶI\rf\L\`]9\y>\O\)iv,kۭ:8\f\'Y_CӍ7\\kJ\\\Ґ	4\3$\	~q\]q\R\wf\YhZe\CL#4ĺW\r<|\*F&?\nIfiaNᑎ\>.֢5\ؿy$nQS\Qa	?ޭS\\S}B;\Z\ CjGZ\UZN1\\Z?}}\T\2\^7Y1[?\/\s\\rė2%\0sO:n*ȭ\\)~k˩\Ss\.ׇK2\8ܻH\^=ȫ6^\\\j\3z8[Vy<i\KMHlleۀ\\?ki0\\\om\=\\Z,|\Nz\EWПB\\p \'>WaE@\9ãN\\QF*\'G)qn̤Z\ε\^ە7> Ҁ\\>V\\s\/}gUsP]x\\6\Iy=v\ľ*?:\Kyә\	Z|\~b\w1yG獸&>(Ohimn6y\.u\rrMND1ֽO\%\ӣ	\0Us\'\\)6\dS=\!SۊGZ!)\WHy\qZn\r!߇\\$\r\0\n\\iz-m\8\_@KP\m\\D鑜R\qz\xv:\p\0rC\X\\\co䋧\ҽ#QԖRK!\\0\Tđ\RCӫ~U\\]>]\Ѥ\9\_\|!\bkR\\(\j\-M=\vƙ\ڹzzΘӂZ#XۢG\\\\\)s\6s\\'{Vl\ćǥ\nS\\V۵\\*N@>\׳&B\ZΕ	\'ޫ\}Ed+cT~u]\-\\q\\i\i?x=ir\wF\\[Jh\a\@5B};OP\U\zi\lؚ\hv_\7\dγn|=;>]B\1ـ#1#\ΔO(mEh\#9P-ыWl\\̠uƬ\'|.Vh\|G\+G\׏A,L>h\Mv\̪\}N9\)kM	)w냌U=J;E#Q\D<-\}iv\yW\c9+es\;*+]SPl\H\\4WR\\\s}^}k\e֧R\"\}k\\\.@\\Z\E0@7t6z*\\\C\#gmG\jQ\\MQV7vTK`:)\@\PdP\dPfKF;P\\0Օ^\?*R.\\Z\z?5\nvʭ␁Uʂ\\61灊6:UӷuF\	\\Qkl;\Z#\!3\P~u\n]G\U\\8\\\0|g\Qfz\*C[̫\h:̿?u\ni6}Oʢ:Uh\~4ޞg_Ϊ?οf\nW\r`QqK0V?Ұf~\?3.1\\\)E\/p|\_\)ſ\M<}\]#\\0N\nk\\c\SA<ܷoΫ\{-\06\\\\Gz>!_ݍW\\Q\"R=`޿\y\V~(\nU[>\\"?g#\d1:̼\\\ʁ\lPy%I\\\xSq^?\Un[\`q%ԅH\YT	\\\ZAJ\\\+v<\\UO!\SI<q瞭\\\9W\\:vVt\CXD\n`;}3ɨ^\%\{mG\c\ıU\t>\,s1\*\\Lp|L\)s]#9\jh\d21X\ll\i@8l+\KS\"f\1\\0|\_\W`;t\\	\0:\8\\u\5rjY\'dcvOZ[0ª\\^k9`J*#[I)Gt\Y<\rsSJ44ŏ\=x:]\\=F+\\7\rN0\\^U*\jڲԮ\$f\\:ቺ\Ɍ\!+\n\]qb!\\~q\W<N;5b\eJG\\Y<#\n\ӟ1G\E\ݑ塣S\j7֭YW󢊞f_* X/YW\v	\0-󢊇6W*!o\ZXB\rF\8O\EȈǱ\\\P\!j(\d\$\\\SU\\\\(h.\(D0ԟ\Rnc𢊎yw\"\\'\0[Ua\\tQQ\.\I=\\?\Qs#Ɗ)s1,ORO\M.qM\EC\.1@@)<QE1\r \4ފ(&(@8\\0V\Hl7\V.\}OQE\Sn\,DY.\ܶ=	8#\ޣ\I\"\.\6>Ҋ+[\F\La \1\z\E/FWB\"\N\WE\ZzM\\6\S|-WT۱V&q\)5(^\Ȟ\h\hgTv,\rj\l#/$vCdp\sǊ(\ð\\\','viejito.jpg'),(13,'Chayro Lopez','agergrae','chayr@chayro.com',NULL,45,'El Salvador','San Salvador',NULL,'default.png'),(14,'Paco','agerg','paco@paco.com',NULL,3,'El Salvador','San Salvador',NULL,'default.png'),(15,'Paco','agerg','paco@paco.com',NULL,2,'El Salvador','San Salvador',NULL,'default.png');
/*!40000 ALTER TABLE `inversionista` ENABLE KEYS */;
UNLOCK TABLES;

--
-- Table structure for table `notificaciones`
--

DROP TABLE IF EXISTS `notificaciones`;
/*!40101 SET @saved_cs_client     = @@character_set_client */;
/*!50503 SET character_set_client = utf8mb4 */;
CREATE TABLE `notificaciones` (
  `idnotificaciones` int NOT NULL AUTO_INCREMENT,
  `mensaje` varchar(200) NOT NULL,
  `id_emprendedor` int NOT NULL,
  PRIMARY KEY (`idnotificaciones`),
  KEY `fk_notificaciones_emprendedor1_idx` (`id_emprendedor`),
  CONSTRAINT `fk_notificaciones_emprendedor1` FOREIGN KEY (`id_emprendedor`) REFERENCES `emprendedor` (`id`)
) ENGINE=InnoDB DEFAULT CHARSET=utf8mb4 COLLATE=utf8mb4_0900_ai_ci;
/*!40101 SET character_set_client = @saved_cs_client */;

--
-- Dumping data for table `notificaciones`
--

LOCK TABLES `notificaciones` WRITE;
/*!40000 ALTER TABLE `notificaciones` DISABLE KEYS */;
/*!40000 ALTER TABLE `notificaciones` ENABLE KEYS */;
UNLOCK TABLES;

--
-- Table structure for table `productos`
--

DROP TABLE IF EXISTS `productos`;
/*!40101 SET @saved_cs_client     = @@character_set_client */;
/*!50503 SET character_set_client = utf8mb4 */;
CREATE TABLE `productos` (
  `id` int NOT NULL AUTO_INCREMENT,
  `nombre` varchar(100) NOT NULL,
  `nombre_foto` varchar(300) DEFAULT NULL,
  `foto` longblob,
  `descripcion` varchar(300) NOT NULL,
  `costo_unitario` double NOT NULL,
  `precio_venta` double NOT NULL,
  `patente` tinyint NOT NULL,
  `id_emprendimiento` int NOT NULL,
  PRIMARY KEY (`id`),
  KEY `fk_productost_emprendimiento1_idx` (`id_emprendimiento`),
  CONSTRAINT `fk_productost_emprendimiento1` FOREIGN KEY (`id_emprendimiento`) REFERENCES `emprendimiento` (`id`)
) ENGINE=InnoDB DEFAULT CHARSET=utf8;
/*!40101 SET character_set_client = @saved_cs_client */;

--
-- Dumping data for table `productos`
--

LOCK TABLES `productos` WRITE;
/*!40000 ALTER TABLE `productos` DISABLE KEYS */;
/*!40000 ALTER TABLE `productos` ENABLE KEYS */;
UNLOCK TABLES;

--
-- Table structure for table `reaccion`
--

DROP TABLE IF EXISTS `reaccion`;
/*!40101 SET @saved_cs_client     = @@character_set_client */;
/*!50503 SET character_set_client = utf8mb4 */;
CREATE TABLE `reaccion` (
  `id` int NOT NULL AUTO_INCREMENT,
  `numero` int NOT NULL,
  `id_producto` int NOT NULL,
  PRIMARY KEY (`id`),
  KEY `fk_reaccion_productos1_idx` (`id_producto`),
  CONSTRAINT `fk_reaccion_producto1` FOREIGN KEY (`id_producto`) REFERENCES `productos` (`id`)
) ENGINE=InnoDB AUTO_INCREMENT=3 DEFAULT CHARSET=utf8;
/*!40101 SET character_set_client = @saved_cs_client */;

--
-- Dumping data for table `reaccion`
--

LOCK TABLES `reaccion` WRITE;
/*!40000 ALTER TABLE `reaccion` DISABLE KEYS */;
/*!40000 ALTER TABLE `reaccion` ENABLE KEYS */;
UNLOCK TABLES;

--
-- Table structure for table `usuario`
--

DROP TABLE IF EXISTS `usuario`;
/*!40101 SET @saved_cs_client     = @@character_set_client */;
/*!50503 SET character_set_client = utf8mb4 */;
CREATE TABLE `usuario` (
  `id` int NOT NULL AUTO_INCREMENT,
  `usuario` varchar(100) NOT NULL,
  `password` varchar(100) NOT NULL,
  `rol` tinyint NOT NULL COMMENT '"1-admin","2-inversionista", "3-emprendedor"',
  PRIMARY KEY (`id`)
) ENGINE=InnoDB AUTO_INCREMENT=46 DEFAULT CHARSET=utf8;
/*!40101 SET character_set_client = @saved_cs_client */;

--
-- Dumping data for table `usuario`
--

LOCK TABLES `usuario` WRITE;
/*!40000 ALTER TABLE `usuario` DISABLE KEYS */;
INSERT INTO `usuario` VALUES (1,'markcubar','12345',2),(2,'lorigreiner','lori90',2),(3,'pupusasmary','pupas123',3),(4,'crown','beautycrown123',3),(5,'admin1','admin123',1),(6,'LorenaG','laLorena',2),(7,'PomaG','roble',2),(8,'PomaG','roble',2),(9,'PomaG','roble',2),(10,'invi','invi12345',2),(11,'LaPao','12345',3),(12,'Chema','chema12345',3),(13,'Chema','chema12345',3),(14,'Chema','chema12345',3),(15,'Chema','chema12345',3),(16,'Glit','123gln',3),(17,'Glit','123gln',3),(18,'macro','macro',2),(19,'PomaG','prueba',3),(20,'BonCo','1234578',3),(21,'TottoIto','12345',2),(22,'JuanGa','12345',3),(23,'FedeLorca','1234578',3),(24,'Los1D','164970',3),(25,'ToritoMel','12345',2),(26,'chejitoGuapo123','12345',3),(27,'GreMaria','12345',3),(28,'gabuxi','1234',3),(29,'mariLopez','12345',2),(30,'pabloMate','12345',2),(31,'guille','12345',2),(32,'chivobeard','12345',3),(33,'gunter12','12345',3),(34,'gary','gary',3),(35,'pako100','12345',3),(36,'gary12345','12345',3),(37,'gary123456','sada',3),(38,'gary123457','Sslopez123',3),(39,'gary12345678','asfffg',3),(40,'pancho123','12345',3),(41,'chavo123','12345',3),(42,'chavo1234','12345',3),(43,'chalo123','1234',3),(44,'ernestoJuarez123','1234',2),(45,'cayro20029','1234',2);
/*!40000 ALTER TABLE `usuario` ENABLE KEYS */;
UNLOCK TABLES;
/*!40103 SET TIME_ZONE=@OLD_TIME_ZONE */;

/*!40101 SET SQL_MODE=@OLD_SQL_MODE */;
/*!40014 SET FOREIGN_KEY_CHECKS=@OLD_FOREIGN_KEY_CHECKS */;
/*!40014 SET UNIQUE_CHECKS=@OLD_UNIQUE_CHECKS */;
/*!40101 SET CHARACTER_SET_CLIENT=@OLD_CHARACTER_SET_CLIENT */;
/*!40101 SET CHARACTER_SET_RESULTS=@OLD_CHARACTER_SET_RESULTS */;
/*!40101 SET COLLATION_CONNECTION=@OLD_COLLATION_CONNECTION */;
/*!40111 SET SQL_NOTES=@OLD_SQL_NOTES */;

-- Dump completed on 2020-08-04  0:31:24
